ID,Region,Pct_Missing,Max_Gap_Weeks,Flagged
32471945,Brandenburg,8.040468583599573,1,False
40536003,Brandenburg,35.99574014909478,599,True
29463220,Brandenburg,50.26624068157615,895,True
33520966,Brandenburg,8.040468583599573,1,False
42520102,Brandenburg,72.25772097976571,1308,True
28410213,Brandenburg,9.318423855165069,9,False
32454665,Brandenburg,9.79765708200213,9,False
30464252,Brandenburg,11.448349307774228,57,True
26381003,Brandenburg,40.36208732694356,634,True
36532674,Brandenburg,8.732694355697552,7,False
38532839,Brandenburg,26.57082002129925,175,True
38539089,Brandenburg,10.223642172523961,33,False
32510209,Brandenburg,8.466453674121405,4,False
46489173,Brandenburg,37.69968051118211,530,True
28473110,Brandenburg,52.28966986155484,895,True
39549051,Brandenburg,9.052183173588926,21,False
31449211,Brandenburg,7.135250266240682,14,False
35442315,Brandenburg,13.099041533546327,39,False
38421593,Brandenburg,20.926517571884983,59,True
37511766,Brandenburg,12.35356762513312,48,False
29350026,Brandenburg,61.66134185303515,487,True
28473126,Brandenburg,58.94568690095847,477,True
38532837,Brandenburg,31.576144834930776,379,True
30491504,Brandenburg,8.20021299254526,2,False
34402790,Brandenburg,13.578274760383385,117,True
42519042,Brandenburg,66.40042598509052,182,True
33437091,Brandenburg,8.626198083067091,5,False
31509218,Brandenburg,28.38125665601704,356,True
33520968,Brandenburg,2.5026624068157615,3,False
38394500,Brandenburg,84.82428115015975,1565,True
31449220,Brandenburg,72.63045793397231,1255,True
29360016,Brandenburg,14.962726304579341,58,True
37451902,Brandenburg,8.20021299254526,3,False
28410225,Brandenburg,9.052183173588926,9,False
42456032,Brandenburg,70.234291799787,665,True
29350021,Brandenburg,37.22044728434505,586,True
40441015,Brandenburg,24.334398296059636,236,True
46478043,Brandenburg,40.57507987220447,79,True
40490513,Brandenburg,38.65814696485623,62,True
37530420,Brandenburg,8.466453674121405,5,False
28438014,Brandenburg,9.584664536741213,10,False
31502055,Brandenburg,9.318423855165069,7,False
31419709,Brandenburg,9.850905218317358,9,False
34512423,Brandenburg,8.519701810436635,5,False
31464705,Brandenburg,49.78700745473908,839,True
36432300,Brandenburg,60.063897763578275,1009,True
35459952,Brandenburg,8.67944621938232,5,False
45496000,Brandenburg,71.8849840255591,1338,True
28430020,Brandenburg,77.36954206602769,8,True
31471812,Brandenburg,8.732694355697552,13,False
40441041,Brandenburg,35.56975505857295,447,True
38431551,Brandenburg,12.300319488817891,18,False
37532740,Brandenburg,9.052183173588926,9,False
33455021,Brandenburg,12.83280085197018,48,False
32419851,Brandenburg,55.96379126730564,945,True
37431615,Brandenburg,8.146964856230031,2,False
29481337,Brandenburg,42.2790202342918,686,True
30360020,Brandenburg,47.23109691160809,609,True
36471636,Brandenburg,31.36315228966986,168,True
32392350,Brandenburg,30.244941427050055,445,True
31502039,Brandenburg,7.24174653887114,15,False
42536002,Brandenburg,39.72310969116081,509,True
32512151,Brandenburg,9.158679446219383,18,False
32464601,Brandenburg,8.78594249201278,9,False
29490617,Brandenburg,4.206602768903089,2,False
32502105,Brandenburg,12.726304579339724,51,False
35522580,Brandenburg,8.67944621938232,9,False
33442430,Brandenburg,35.94249201277955,477,True
36441862,Brandenburg,55.6975505857295,955,True
29443680,Brandenburg,53.674121405750796,899,True
31439300,Brandenburg,15.921192758253461,136,True
41500669,Brandenburg,60.54313099041534,269,True
31464501,Brandenburg,6.443024494142705,2,False
32502102,Brandenburg,13.578274760383385,52,False
31512063,Brandenburg,10.33013844515442,8,False
39506107,Brandenburg,4.63258785942492,1,False
42486014,Brandenburg,49.094781682641106,408,True
32464606,Brandenburg,50.798722044728436,839,True
33470959,Brandenburg,8.732694355697552,15,False
31502037,Brandenburg,11.767838125665602,16,False
37501761,Brandenburg,9.850905218317358,13,False
38431560,Brandenburg,51.81043663471778,893,True
45466812,Brandenburg,43.024494142705,2,True
41466509,Brandenburg,42.86474973375932,40,True
32512169,Brandenburg,8.572949946751864,10,False
30429666,Brandenburg,12.726304579339724,11,False
29370020,Brandenburg,51.91693290734825,578,True
36422930,Brandenburg,10.543130990415335,34,False
29350020,Brandenburg,37.273695420660275,586,True
32399974,Brandenburg,23.695420660276888,31,True
29360017,Brandenburg,28.434504792332266,339,True
40476206,Brandenburg,8.25346112886049,2,False
33475010,Brandenburg,62.03407880724174,545,True
38470301,Brandenburg,43.82321618743344,23,True
39431452,Brandenburg,8.572949946751864,6,False
37451332,Brandenburg,80.40468583599574,778,True
46478042,Brandenburg,40.46858359957402,54,True
36442210,Brandenburg,12.140575079872203,12,False
39549066,Brandenburg,10.702875399361023,42,False
30491505,Brandenburg,8.359957401490947,5,False
33442498,Brandenburg,13.099041533546327,8,False
38532836,Brandenburg,9.424920127795527,9,False
36405943,Brandenburg,28.700745473908412,31,True
27462311,Brandenburg,52.39616613418531,673,True
31502053,Brandenburg,9.531416400425986,7,False
30370021,Brandenburg,26.198083067092654,328,True
33437090,Brandenburg,8.732694355697552,5,False
31449210,Brandenburg,6.070287539936102,1,False
31502091,Brandenburg,10.170394036208732,18,False
32429805,Brandenburg,15.921192758253461,20,False
33512293,Brandenburg,4.952076677316294,19,False
34480965,Brandenburg,9.052183173588926,17,False
32454663,Brandenburg,9.531416400425986,9,False
33455426,Brandenburg,12.619808306709265,19,False
38510161,Brandenburg,5.857294994675186,9,False
35442314,Brandenburg,12.300319488817891,39,False
38421592,Brandenburg,20.926517571884983,59,True
39441714,Brandenburg,7.987220447284344,1,False
36405972,Brandenburg,29.44621938232162,31,True
30429065,Brandenburg,8.78594249201278,9,False
45476010,Brandenburg,48.08306709265175,36,True
29491338,Brandenburg,42.119275825346115,672,True
35432400,Brandenburg,12.140575079872203,87,True
38451286,Brandenburg,8.413205537806178,5,False
28452408,Brandenburg,53.03514376996805,931,True
34480962,Brandenburg,9.371671991480298,3,False
36532681,Brandenburg,5.058572949946752,7,False
31502036,Brandenburg,10.063897763578275,7,False
30480881,Brandenburg,37.273695420660275,14,True
33455011,Brandenburg,14.270500532481364,18,False
42510399,Brandenburg,53.833865814696495,4,True
32512157,Brandenburg,8.998935037273695,7,False
32502103,Brandenburg,9.26517571884984,2,False
33502260,Brandenburg,45.740149094781685,723,True
30360010,Brandenburg,30.724174653887115,328,True
31512062,Brandenburg,6.17678381256656,13,False
43473623,Brandenburg,72.73695420660276,1350,True
32512168,Brandenburg,13.36528221512247,61,True
36422952,Brandenburg,10.383386581469649,29,False
32502104,Brandenburg,5.484558040468584,9,False
40486076,Brandenburg,18.10436634717785,162,True
37413740,Brandenburg,9.904153354632587,13,False
32512150,Brandenburg,5.804046858359958,13,False
39441116,Brandenburg,8.945686900958465,10,False
32464600,Brandenburg,9.478168264110757,9,False
31502031,Brandenburg,8.67944621938232,10,False
28330005,Brandenburg,7.827476038338658,22,False
26471097,Brandenburg,28.221512247071352,504,True
38522800,Brandenburg,11.608093716719916,39,False
36412962,Brandenburg,34.07880724174654,127,True
36441897,Brandenburg,28.647497337593187,442,True
37394620,Brandenburg,59.63791267305645,743,True
36441863,Brandenburg,55.59105431309904,955,True
33470960,Brandenburg,96.80511182108627,1588,True
27370001,Brandenburg,36.79446219382322,574,True
29443681,Brandenburg,53.72736954206603,899,True
30438520,Brandenburg,71.77848775292864,1280,True
34512425,Brandenburg,8.040468583599573,21,False
45496006,Brandenburg,53.78061767838126,928,True
32512166,Brandenburg,5.963791267305645,5,False
39451180,Brandenburg,10.063897763578275,12,False
37431614,Brandenburg,8.25346112886049,4,False
28400223,Brandenburg,8.626198083067091,9,False
41476552,Brandenburg,8.945686900958465,18,False
43476152,Brandenburg,67.30564430244942,1245,True
42536003,Brandenburg,40.415335463258785,565,True
29370010,Brandenburg,8.732694355697552,9,False
32392351,Brandenburg,30.031948881789138,445,True
33452454,Brandenburg,11.075612353567625,8,False
29438110,Brandenburg,10.117145899893504,23,False
35459953,Brandenburg,20.18104366347178,87,True
31419708,Brandenburg,9.478168264110757,9,False
36471402,Brandenburg,10.80937167199148,22,False
32445310,Brandenburg,8.626198083067091,9,False
26471099,Brandenburg,38.019169329073485,482,True
37501769,Brandenburg,8.25346112886049,5,False
40441040,Brandenburg,34.877529286474974,447,True
31471813,Brandenburg,11.608093716719916,57,True
30438511,Brandenburg,46.64536741214057,757,True
29501405,Brandenburg,39.829605963791266,621,True
30509090,Brandenburg,9.691160809371672,13,False
44526005,Brandenburg,32.16187433439829,438,True
33402090,Brandenburg,35.623003194888184,388,True
33522347,Brandenburg,6.3897763578274756,12,False
43486000,Brandenburg,34.82428115015975,44,True
38535103,Brandenburg,37.752928647497335,480,True
35442203,Brandenburg,11.395101171458998,4,False
29391202,Brandenburg,14.43024494142705,28,False
28440029,Brandenburg,77.36954206602769,8,True
34481534,Brandenburg,8.20021299254526,5,False
29410630,Brandenburg,45.52715654952076,466,True
37441882,Brandenburg,10.649627263045794,5,False
36432280,Brandenburg,56.33652822151225,955,True
32455003,Brandenburg,22.896698615548456,261,True
31500622,Brandenburg,9.904153354632587,24,False
36451342,Brandenburg,13.844515441959532,14,False
31510212,Brandenburg,9.26517571884984,13,False
34402015,Brandenburg,30.244941427050055,427,True
32439510,Brandenburg,78.64749733759318,1407,True
31481174,Brandenburg,10.702875399361023,17,False
37441840,Brandenburg,9.584664536741213,8,False
31449104,Brandenburg,9.105431309904153,11,False
28501101,Brandenburg,9.052183173588926,6,False
41516011,Brandenburg,54.898828541001066,977,True
42519198,Brandenburg,69.54206602768903,325,True
43453538,Brandenburg,5.537806176783812,10,False
35406370,Brandenburg,11.022364217252397,29,False
42473638,Brandenburg,61.07561235356762,678,True
30401381,Brandenburg,15.069222577209798,13,False
35406384,Brandenburg,12.034078807241746,26,False
42517005,Brandenburg,4.63258785942492,1,False
41486604,Brandenburg,9.584664536741213,26,False
37539448,Brandenburg,39.936102236421725,4,True
37441878,Brandenburg,57.18849840255591,1001,True
29438430,Brandenburg,15.228966986155484,9,False
44486014,Brandenburg,70.28753993610223,1145,True
33522325,Brandenburg,7.082002129925452,17,False
33451751,Brandenburg,66.29392971246007,1166,True
36412040,Brandenburg,37.32694355697551,565,True
36441989,Brandenburg,18.743343982960596,163,True
35532632,Brandenburg,8.572949946751864,2,False
27485004,Brandenburg,37.32694355697551,366,True
35459843,Brandenburg,18.69009584664537,49,False
30410630,Brandenburg,63.418530351437695,1113,True
38441730,Brandenburg,31.576144834930776,480,True
37539423,Brandenburg,10.063897763578275,4,False
37539047,Brandenburg,18.69009584664537,213,True
31481923,Brandenburg,13.099041533546327,93,True
29519030,Brandenburg,36.04898828541001,2,True
31445100,Brandenburg,9.424920127795527,5,False
35432575,Brandenburg,11.608093716719916,17,False
34426024,Brandenburg,8.146964856230031,1,False
34447013,Brandenburg,35.99574014909478,565,True
30454311,Brandenburg,87.75292864749734,1560,True
33427180,Brandenburg,15.015974440894569,88,True
35422521,Brandenburg,32.32161874334398,477,True
45468060,Brandenburg,44.72843450479233,7,True
29510149,Brandenburg,47.12460063897764,34,True
37485037,Brandenburg,61.395101171459,553,True
41535001,Brandenburg,39.29712460063898,565,True
27505013,Brandenburg,63.63152289669861,366,True
37539424,Brandenburg,39.829605963791266,4,True
39486037,Brandenburg,42.438764643237484,370,True
38441701,Brandenburg,7.507987220447284,18,False
31481915,Brandenburg,8.67944621938232,10,False
35416180,Brandenburg,10.223642172523961,37,False
35442250,Brandenburg,5.644302449414271,6,False
39471203,Brandenburg,12.35356762513312,44,False
37505011,Brandenburg,33.75931842385517,53,True
39451260,Brandenburg,9.211927582534612,9,False
45468056,Brandenburg,11.288604898828542,61,True
45488025,Brandenburg,52.76890308839191,2,True
28463233,Brandenburg,53.24813631522897,895,True
36451329,Brandenburg,8.093716719914804,3,False
36441987,Brandenburg,24.440894568690098,89,True
32465403,Brandenburg,60.063897763578275,984,True
39471204,Brandenburg,12.140575079872203,44,False
36461326,Brandenburg,31.416400425985092,462,True
34426015,Brandenburg,6.230031948881789,5,False
40496307,Brandenburg,9.105431309904153,12,False
30463569,Brandenburg,37.59318423855165,15,True
28463234,Brandenburg,53.51437699680511,895,True
37529025,Brandenburg,35.356762513312034,41,True
32449205,Brandenburg,10.27689030883919,20,False
33402098,Brandenburg,26.304579339723112,156,True
28501107,Brandenburg,20.394036208732693,127,True
31481186,Brandenburg,9.371671991480298,10,False
34417503,Brandenburg,3.1948881789137378,12,False
34471523,Brandenburg,20.23429179978701,161,True
35406376,Brandenburg,8.67944621938232,5,False
34532504,Brandenburg,8.998935037273695,10,False
37539449,Brandenburg,39.936102236421725,4,True
33417575,Brandenburg,42.2790202342918,457,True
34402025,Brandenburg,8.30670926517572,5,False
41516010,Brandenburg,76.8370607028754,1412,True
33465509,Brandenburg,59.7444089456869,981,True
31449105,Brandenburg,8.945686900958465,7,False
42517003,Brandenburg,8.20021299254526,5,False
32449202,Brandenburg,8.572949946751864,9,False
41510121,Brandenburg,21.352502662406817,231,True
27440150,Brandenburg,31.948881789137378,477,True
34532503,Brandenburg,11.235356762513312,109,True
35412785,Brandenburg,12.247071352502664,28,False
37539447,Brandenburg,39.8828541001065,4,True
45493438,Brandenburg,72.36421725239617,1350,True
36490281,Brandenburg,59.63791267305645,241,True
34481535,Brandenburg,8.25346112886049,5,False
28440010,Brandenburg,78.00851970181044,22,True
41496009,Brandenburg,34.291799787007456,610,True
37423400,Brandenburg,8.146964856230031,1,False
33522341,Brandenburg,8.093716719914804,1,False
36432281,Brandenburg,56.123535676251336,955,True
34480880,Brandenburg,31.842385516506923,186,True
37530165,Brandenburg,8.146964856230031,14,False
32455002,Brandenburg,22.843450479233226,261,True
32529250,Brandenburg,15.921192758253461,98,True
29501404,Brandenburg,38.977635782747605,622,True
28441303,Brandenburg,22.097976570820023,278,True
45496172,Brandenburg,58.94568690095847,123,True
35432347,Brandenburg,8.413205537806178,5,False
43486001,Brandenburg,45.580404685835994,75,True
29391203,Brandenburg,15.282215122470713,28,False
42529154,Brandenburg,68.21086261980831,214,True
33427520,Brandenburg,35.67625133120341,557,True
36461327,Brandenburg,31.895633652822152,462,True
34426014,Brandenburg,8.892438764643238,10,False
37540417,Brandenburg,4.685835995740149,4,False
42500025,Brandenburg,26.411075612353567,453,True
33392320,Brandenburg,9.744408945686901,16,False
36451921,Brandenburg,13.738019169329075,43,False
36441981,Brandenburg,41.640042598509055,334,True
30463568,Brandenburg,37.59318423855165,12,True
37539048,Brandenburg,8.466453674121405,5,False
36459946,Brandenburg,13.205537806176784,54,True
36451317,Brandenburg,11.821086261980831,4,False
38431483,Brandenburg,8.78594249201278,3,False
39471202,Brandenburg,12.247071352502664,44,False
26390032,Brandenburg,37.32694355697551,565,True
36412070,Brandenburg,59.63791267305645,965,True
37441682,Brandenburg,8.20021299254526,1,False
40496301,Brandenburg,28.27476038338658,83,True
34426013,Brandenburg,9.105431309904153,10,False
39506010,Brandenburg,95.10117145899893,1774,True
31481914,Brandenburg,8.892438764643238,6,False
35416181,Brandenburg,6.443024494142705,5,False
38441700,Brandenburg,9.850905218317358,6,False
26510037,Brandenburg,79.65921192758253,1404,True
36451328,Brandenburg,8.093716719914804,3,False
36441972,Brandenburg,11.501597444089457,4,False
37529023,Brandenburg,19.116080937167197,33,False
40431025,Brandenburg,8.25346112886049,5,False
39496054,Brandenburg,7.987220447284344,1,False
35532634,Brandenburg,12.673056443024494,44,False
35422520,Brandenburg,32.16187433439829,477,True
38451306,Brandenburg,8.20021299254526,5,False
32409915,Brandenburg,90.68157614483493,1703,True
33532383,Brandenburg,16.40042598509052,55,True
31481922,Brandenburg,8.945686900958465,11,False
31491982,Brandenburg,21.1395101171459,261,True
31445101,Brandenburg,9.850905218317358,6,False
34447012,Brandenburg,35.46325878594249,481,True
39515055,Brandenburg,64.37699680511182,1158,True
34426025,Brandenburg,8.30670926517572,2,False
27400244,Brandenburg,9.105431309904153,9,False
39540250,Brandenburg,22.417465388711395,343,True
35459842,Brandenburg,15.974440894568689,78,True
34426022,Brandenburg,8.20021299254526,1,False
33532384,Brandenburg,15.4419595314164,44,False
36441988,Brandenburg,15.54845580404686,62,True
33522324,Brandenburg,11.341853035143771,8,False
30453790,Brandenburg,14.909478168264112,9,False
34427104,Brandenburg,22.044728434504794,187,True
40510023,Brandenburg,78.00851970181044,1243,True
39496091,Brandenburg,54.57933972310969,19,True
45468059,Brandenburg,8.25346112886049,5,False
42516182,Brandenburg,53.24813631522897,977,True
27400243,Brandenburg,9.052183173588926,9,False
29463384,Brandenburg,8.67944621938232,9,False
35481611,Brandenburg,10.80937167199148,37,False
37471699,Brandenburg,30.564430244941427,76,True
33522339,Brandenburg,8.626198083067091,7,False
31481907,Brandenburg,19.06283280085197,129,True
27519033,Brandenburg,9.691160809371672,5,False
37404601,Brandenburg,19.169329073482427,194,True
35416166,Brandenburg,7.987220447284344,1,False
38431490,Brandenburg,9.158679446219383,5,False
32520960,Brandenburg,6.815761448349308,4,False
39486014,Brandenburg,7.933972310969116,1,False
37441837,Brandenburg,8.413205537806178,7,False
40506351,Brandenburg,38.81789137380191,62,True
27410232,Brandenburg,9.637912673056443,9,False
41526051,Brandenburg,75.45260915867945,820,True
29463383,Brandenburg,10.170394036208732,9,False
31464630,Brandenburg,15.069222577209798,16,False
32455426,Brandenburg,57.77422790202343,941,True
39441477,Brandenburg,12.99254526091587,100,True
29519013,Brandenburg,38.498402555910545,2,True
36441950,Brandenburg,33.86581469648562,421,True
39536005,Brandenburg,41.640042598509055,565,True
33522337,Brandenburg,8.30670926517572,3,False
31410787,Brandenburg,49.14802981895633,799,True
33392108,Brandenburg,8.413205537806178,4,False
38491759,Brandenburg,8.25346112886049,5,False
31445115,Brandenburg,51.118210862619804,463,True
41526058,Brandenburg,66.24068157614484,1170,True
38461741,Brandenburg,8.20021299254526,5,False
28350020,Brandenburg,47.12460063897764,574,True
29410640,Brandenburg,44.83493077742279,743,True
41526060,Brandenburg,63.73801916932907,1171,True
34471563,Brandenburg,20.23429179978701,161,True
31481931,Brandenburg,86.90095846645367,1561,True
36441968,Brandenburg,15.654952076677317,7,False
31491991,Brandenburg,57.135250266240675,1055,True
33532390,Brandenburg,9.158679446219383,15,False
37413680,Brandenburg,8.998935037273695,3,False
34407725,Brandenburg,13.312034078807242,37,False
45473608,Brandenburg,47.763578274760384,32,True
38451315,Brandenburg,26.783812566560172,101,True
43453718,Brandenburg,79.55271565495208,1413,True
38441785,Brandenburg,17.838125665601705,22,False
31464655,Brandenburg,11.767838125665602,15,False
32439502,Brandenburg,50.42598509052183,799,True
41456003,Brandenburg,68.31735889243876,515,True
28470002,Brandenburg,29.179978700745473,358,True
36451957,Brandenburg,46.37912673056443,615,True
39511821,Brandenburg,17.784877529286476,200,True
34396780,Brandenburg,6.975505857294994,17,False
34491544,Brandenburg,14.589989350372736,88,True
27521006,Brandenburg,6.656017039403621,9,False
34532517,Brandenburg,10.27689030883919,23,False
37480997,Brandenburg,10.436634717784878,48,False
41486616,Brandenburg,63.09904153354633,1145,True
38441782,Brandenburg,17.51863684771033,22,False
32455020,Brandenburg,58.94568690095847,1004,True
31481962,Brandenburg,8.945686900958465,5,False
27511009,Brandenburg,8.998935037273695,17,False
27410250,Brandenburg,31.09691160809372,455,True
38441749,Brandenburg,8.945686900958465,4,False
34532521,Brandenburg,8.626198083067091,2,False
35480931,Brandenburg,70.87326943556975,1283,True
28438121,Brandenburg,27.103301384451544,340,True
38451384,Brandenburg,10.543130990415335,37,False
31454653,Brandenburg,5.9105431309904155,4,False
29519047,Brandenburg,47.657082002129926,571,True
35405945,Brandenburg,28.700745473908412,27,True
28441310,Brandenburg,55.48455804046858,931,True
28340011,Brandenburg,36.63471778487753,574,True
33481557,Brandenburg,13.525026624068156,55,True
43453716,Brandenburg,44.88817891373802,3,True
43498117,Brandenburg,80.19169329073482,1043,True
28500652,Brandenburg,6.656017039403621,22,False
38441747,Brandenburg,8.945686900958465,7,False
29519040,Brandenburg,38.391906283280086,2,True
34417713,Brandenburg,9.79765708200213,12,False
34447063,Brandenburg,41.42705005324814,566,True
30460968,Brandenburg,36.687965921192756,9,True
36461393,Brandenburg,51.863684771033014,894,True
36432266,Brandenburg,8.25346112886049,15,False
34532526,Brandenburg,54.84558040468583,997,True
32529244,Brandenburg,21.352502662406817,199,True
37431579,Brandenburg,8.146964856230031,3,False
36441935,Brandenburg,9.584664536741213,12,False
42496913,Brandenburg,8.093716719914804,1,False
28360224,Brandenburg,96.53887113951012,1779,True
43488127,Brandenburg,43.66347177848775,14,True
37413820,Brandenburg,9.26517571884984,5,False
31454608,Brandenburg,7.24174653887114,2,False
27410202,Brandenburg,9.158679446219383,9,False
28350021,Brandenburg,47.12460063897764,574,True
45478018,Brandenburg,73.9084132055378,513,True
30400670,Brandenburg,63.47177848775293,1113,True
37413681,Brandenburg,9.211927582534612,5,False
35532626,Brandenburg,8.519701810436635,2,False
29519023,Brandenburg,9.637912673056443,19,False
37441838,Brandenburg,8.519701810436635,11,False
36441951,Brandenburg,33.54632587859425,442,True
33407900,Brandenburg,33.59957401490948,558,True
31481908,Brandenburg,36.2087326943557,570,True
30472268,Brandenburg,39.19062832800852,113,True
37520179,Brandenburg,33.17358892438765,4,True
37539430,Brandenburg,41.21405750798722,23,True
29519024,Brandenburg,38.65814696485623,6,True
41469011,Brandenburg,24.866879659211925,384,True
41526059,Brandenburg,75.66560170394037,1412,True
32455411,Brandenburg,9.957401490947817,9,False
31419861,Brandenburg,20.820021299254527,80,True
33522336,Brandenburg,10.383386581469649,14,False
33392100,Brandenburg,74.4408945686901,1397,True
43516003,Brandenburg,57.56123535676251,981,True
32455418,Brandenburg,11.448349307774228,9,False
35532628,Brandenburg,7.77422790202343,12,False
28360027,Brandenburg,42.2790202342918,586,True
39451280,Brandenburg,40.6283280085197,643,True
29519012,Brandenburg,38.33865814696485,2,True
37471002,Brandenburg,53.24813631522897,923,True
38451325,Brandenburg,26.57082002129925,101,True
31410788,Brandenburg,49.14802981895633,799,True
28360020,Brandenburg,28.115015974440894,455,True
31429400,Brandenburg,12.300319488817891,80,True
29463385,Brandenburg,8.626198083067091,9,False
37441690,Brandenburg,52.87539936102237,626,True
37404600,Brandenburg,19.169329073482427,194,True
36412062,Brandenburg,9.052183173588926,14,False
32455420,Brandenburg,9.211927582534612,9,False
36461392,Brandenburg,51.863684771033014,894,True
36451351,Brandenburg,8.146964856230031,3,False
39461210,Brandenburg,9.105431309904153,11,False
30460969,Brandenburg,36.84771033013845,10,True
42496912,Brandenburg,29.87220447284345,440,True
31439400,Brandenburg,42.33226837060703,434,True
32529245,Brandenburg,30.670926517571885,187,True
41466003,Brandenburg,30.93716719914803,503,True
41510105,Brandenburg,39.08413205537806,636,True
41526807,Brandenburg,38.232161874334395,440,True
28438120,Brandenburg,27.103301384451544,340,True
43453728,Brandenburg,34.82428115015975,235,True
33465515,Brandenburg,55.59105431309904,1004,True
39413095,Brandenburg,57.880724174653885,943,True
41466004,Brandenburg,62.353567625133124,560,True
32449221,Brandenburg,13.471778487752928,46,False
32529242,Brandenburg,26.091586794462195,187,True
28340010,Brandenburg,36.5814696485623,574,True
39486041,Brandenburg,63.73801916932907,1145,True
34392122,Brandenburg,47.44408945686901,804,True
42496915,Brandenburg,67.25239616613419,1145,True
30476001,Brandenburg,47.92332268370607,388,True
35501665,Brandenburg,22.736954206602768,257,True
38441783,Brandenburg,17.51863684771033,22,False
37480996,Brandenburg,29.126730564430247,230,True
45498038,Brandenburg,8.359957401490947,5,False
36481586,Brandenburg,8.519701810436635,9,False
28370011,Brandenburg,36.52822151224707,562,True
38441748,Brandenburg,9.158679446219383,4,False
41480389,Brandenburg,71.67199148029819,1342,True
28463245,Brandenburg,52.55591054313099,895,True
35480939,Brandenburg,10.86261980830671,35,False
34532511,Brandenburg,10.80937167199148,44,False
35501662,Brandenburg,14.057507987220447,118,True
42458092,Brandenburg,7.827476038338658,5,False
43540415,Brandenburg,8.040468583599573,1,False
28360042,Brandenburg,66.61341853035144,1121,True
39511820,Brandenburg,8.146964856230031,28,False
32419938,Brandenburg,11.554845580404686,53,True
43536005,Brandenburg,69.96805111821087,612,True
37441853,Brandenburg,5.857294994675186,10,False
28370016,Brandenburg,41.32055378061768,588,True
32449210,Brandenburg,37.273695420660275,565,True
33485041,Brandenburg,58.25346112886049,1089,True
45456201,Brandenburg,34.877529286474974,497,True
32502128,Brandenburg,7.827476038338658,22,False
39431424,Brandenburg,14.48349307774228,30,False
31502022,Brandenburg,8.732694355697552,22,False
42519200,Brandenburg,71.51224707135249,395,True
35522592,Brandenburg,36.84771033013845,330,True
39451151,Brandenburg,9.158679446219383,9,False
38460575,Brandenburg,9.424920127795527,5,False
37451344,Brandenburg,17.51863684771033,67,True
31419712,Brandenburg,30.45793397231097,418,True
28511201,Brandenburg,8.839190628328009,9,False
38404661,Brandenburg,47.92332268370607,743,True
32455395,Brandenburg,16.773162939297126,16,False
32502110,Brandenburg,21.458998935037275,248,True
33437220,Brandenburg,8.78594249201278,13,False
35481952,Brandenburg,12.460063897763577,17,False
34522430,Brandenburg,9.371671991480298,10,False
32512144,Brandenburg,8.30670926517572,5,False
36480941,Brandenburg,11.608093716719916,7,False
31502025,Brandenburg,18.743343982960596,84,True
30360035,Brandenburg,15.654952076677317,15,False
38465204,Brandenburg,54.31309904153354,977,True
38471052,Brandenburg,8.040468583599573,2,False
35442150,Brandenburg,39.40362087326943,634,True
33419915,Brandenburg,9.850905218317358,2,False
29490634,Brandenburg,8.572949946751864,5,False
42505000,Brandenburg,59.63791267305645,642,True
39532920,Brandenburg,10.489882854100106,31,False
28511230,Brandenburg,11.608093716719916,11,False
31519235,Brandenburg,35.623003194888184,276,True
41466515,Brandenburg,56.54952076677316,334,True
38515039,Brandenburg,29.925452609158683,299,True
45476066,Brandenburg,51.17145899893504,303,True
30461768,Brandenburg,39.61661341853035,156,True
31439116,Brandenburg,19.275825346112885,52,False
34437055,Brandenburg,11.661341853035143,26,False
29463892,Brandenburg,53.03514376996805,451,True
42519004,Brandenburg,68.370607028754,270,True
29490633,Brandenburg,8.732694355697552,3,False
38465203,Brandenburg,61.92758253461129,1158,True
28390121,Brandenburg,37.59318423855165,588,True
33502242,Brandenburg,9.424920127795527,13,False
34522455,Brandenburg,54.632587859424916,986,True
38461267,Brandenburg,24.8136315228967,348,True
28401170,Brandenburg,28.168264110756127,338,True
31429740,Brandenburg,77.74227902023429,1407,True
33512289,Brandenburg,8.839190628328009,8,False
31400830,Brandenburg,49.201277955271564,787,True
28401184,Brandenburg,47.657082002129926,799,True
42529060,Brandenburg,75.1863684771033,1356,True
36459821,Brandenburg,15.867944621938232,49,False
38470312,Brandenburg,43.76996805111821,23,True
35442336,Brandenburg,27.263045793397232,75,True
38413472,Brandenburg,35.99574014909478,384,True
43520083,Brandenburg,73.9084132055378,810,True
38539092,Brandenburg,13.152289669861556,87,True
33470916,Brandenburg,7.987220447284344,1,False
35442309,Brandenburg,13.205537806176784,39,False
34522490,Brandenburg,4.63258785942492,6,False
33512273,Brandenburg,4.898828541001065,5,False
34522464,Brandenburg,5.378061767838125,11,False
45496242,Brandenburg,72.36421725239617,1358,True
30491527,Brandenburg,30.085197018104363,547,True
33470920,Brandenburg,8.040468583599573,1,False
29341721,Brandenburg,48.18956336528222,645,True
32419819,Brandenburg,61.7678381256656,1095,True
38421581,Brandenburg,38.07241746538871,565,True
36412784,Brandenburg,41.79978700745474,206,True
34522497,Brandenburg,8.30670926517572,3,False
35490289,Brandenburg,6.070287539936102,15,False
32471950,Brandenburg,9.79765708200213,27,False
42530371,Brandenburg,8.572949946751864,3,False
26491068,Brandenburg,37.53993610223642,369,True
28511231,Brandenburg,16.293929712460063,41,False
42505001,Brandenburg,60.59637912673056,1073,True
37422820,Brandenburg,44.781682641107565,237,True
31480594,Brandenburg,8.413205537806178,6,False
39423122,Brandenburg,50.21299254526092,856,True
28390120,Brandenburg,60.54313099041534,588,True
33502243,Brandenburg,9.318423855165069,24,False
37431606,Brandenburg,8.67944621938232,9,False
38413420,Brandenburg,6.230031948881789,6,False
29490632,Brandenburg,8.413205537806178,3,False
29470010,Brandenburg,33.17358892438765,455,True
33419914,Brandenburg,9.79765708200213,2,False
43483620,Brandenburg,45.31416400425985,75,True
35442151,Brandenburg,39.51011714589989,634,True
30370060,Brandenburg,28.700745473908412,455,True
40486267,Brandenburg,45.740149094781685,756,True
38465205,Brandenburg,57.082002129925456,985,True
32502127,Brandenburg,11.661341853035143,22,False
33502244,Brandenburg,22.364217252396166,282,True
37431608,Brandenburg,17.0926517571885,167,True
32512145,Brandenburg,6.3897763578274756,16,False
26481051,Brandenburg,27.582534611288605,366,True
43483424,Brandenburg,56.602768903088396,106,True
37475123,Brandenburg,60.330138445154425,1119,True
34416120,Brandenburg,26.091586794462195,336,True
38404660,Brandenburg,46.43237486687966,743,True
35522594,Brandenburg,32.16187433439829,539,True
45476069,Brandenburg,52.342917997870074,673,True
32502129,Brandenburg,8.732694355697552,22,False
43473636,Brandenburg,35.356762513312034,6,True
36521678,Brandenburg,7.987220447284344,1,False
31481014,Brandenburg,47.23109691160809,56,True
28511207,Brandenburg,44.781682641107565,23,True
32502116,Brandenburg,10.915867944621937,22,False
35522593,Brandenburg,46.43237486687966,330,True
38431580,Brandenburg,6.443024494142705,5,False
32419880,Brandenburg,17.784877529286476,10,False
37475124,Brandenburg,61.44834930777423,828,True
39431425,Brandenburg,54.632587859424916,856,True
32522181,Brandenburg,10.383386581469649,11,False
35406210,Brandenburg,24.38764643237487,322,True
34426110,Brandenburg,8.30670926517572,5,False
33512281,Brandenburg,9.211927582534612,22,False
34522496,Brandenburg,10.75612353567625,12,False
34502401,Brandenburg,8.839190628328009,13,False
38421580,Brandenburg,36.36847710330138,565,True
36532660,Brandenburg,6.869009584664537,46,False
32419820,Brandenburg,20.394036208732693,120,True
37532731,Brandenburg,8.040468583599573,1,False
33512275,Brandenburg,11.554845580404686,122,True
42519067,Brandenburg,68.42385516506923,213,True
44546011,Brandenburg,8.20021299254526,5,False
32471951,Brandenburg,14.004259850905218,86,True
31500975,Brandenburg,8.359957401490947,5,False
30448611,Brandenburg,95.31416400425985,1771,True
33512272,Brandenburg,8.040468583599573,1,False
33442484,Brandenburg,20.07454739084132,73,True
36532667,Brandenburg,6.7092651757188495,20,False
44458095,Brandenburg,8.093716719914804,1,False
33447102,Brandenburg,8.626198083067091,5,False
28473104,Brandenburg,49.6272630457934,895,True
29453660,Brandenburg,56.975505857295,930,True
27400110,Brandenburg,33.38658146964856,545,True
40490509,Brandenburg,8.20021299254526,4,False
43520888,Brandenburg,54.25985090521832,10,True
38470313,Brandenburg,43.82321618743344,23,True
33437071,Brandenburg,8.67944621938232,5,False
46488048,Brandenburg,44.67518636847711,87,True
26491067,Brandenburg,39.08413205537806,369,True
37451320,Brandenburg,72.790202342918,1232,True
33482200,Brandenburg,11.235356762513312,27,False
38532823,Brandenburg,11.767838125665602,28,False
43527253,Brandenburg,53.78061767838126,12,True
32392310,Brandenburg,8.359957401490947,5,False
34522498,Brandenburg,62.03407880724174,381,True
43480002,Brandenburg,64.64323748668797,408,True
32471958,Brandenburg,14.962726304579341,86,True
37530262,Brandenburg,8.413205537806178,5,False
38461266,Brandenburg,7.987220447284344,1,False
32455305,Brandenburg,8.572949946751864,9,False
29400562,Brandenburg,9.211927582534612,8,False
28401185,Brandenburg,47.71033013844516,799,True
43520071,Brandenburg,56.23003194888179,82,True
36510539,Brandenburg,60.809371671991485,1142,True
28473135,Brandenburg,57.45473908413206,995,True
38413430,Brandenburg,47.33759318423855,351,True
34427480,Brandenburg,9.79765708200213,19,False
40496016,Brandenburg,55.32481363152289,54,True
33452451,Brandenburg,12.300319488817891,11,False
33437200,Brandenburg,8.25346112886049,3,False
33465015,Brandenburg,41.959531416400424,611,True
37520272,Brandenburg,3.727369542066028,8,False
34512427,Brandenburg,9.424920127795527,18,False
36471635,Brandenburg,29.179978700745473,43,True
25510027,Brandenburg,39.936102236421725,672,True
30390004,Brandenburg,60.649627263045794,498,True
43540124,Brandenburg,7.987220447284344,1,False
36465000,Brandenburg,7.987220447284344,1,False
34512420,Brandenburg,6.869009584664537,21,False
32502137,Brandenburg,12.087326943556976,49,False
31464706,Brandenburg,50.0,839,True
37431611,Brandenburg,24.281150159744406,274,True
45483387,Brandenburg,95.89989350372737,1718,True
43473628,Brandenburg,45.580404685835994,5,True
32502108,Brandenburg,16.61341853035144,148,True
30390003,Brandenburg,60.649627263045794,499,True
31391622,Brandenburg,9.26517571884984,9,False
32502101,Brandenburg,16.293929712460063,143,True
31512060,Brandenburg,9.318423855165069,6,False
39423103,Brandenburg,6.3897763578274756,17,False
37501762,Brandenburg,9.904153354632587,13,False
40510905,Brandenburg,47.71033013844516,15,True
30370046,Brandenburg,10.436634717784878,5,False
34505031,Brandenburg,32.42811501597444,556,True
35406451,Brandenburg,8.466453674121405,5,False
37481772,Brandenburg,30.564430244941427,461,True
40496018,Brandenburg,55.27156549520767,54,True
31429506,Brandenburg,92.86474973375933,1721,True
28473140,Brandenburg,59.584664536741215,895,True
44526143,Brandenburg,19.06283280085197,97,True
30429033,Brandenburg,13.258785942492013,39,False
28511210,Brandenburg,46.325878594249204,42,True
32512152,Brandenburg,8.30670926517572,5,False
40496020,Brandenburg,14.802981895633652,131,True
30370041,Brandenburg,11.182108626198083,115,True
34426100,Brandenburg,8.359957401490947,1,False
37431620,Brandenburg,67.19914802981896,997,True
35522583,Brandenburg,10.915867944621937,26,False
40486074,Brandenburg,65.0692225772098,1184,True
36441861,Brandenburg,55.53780617678381,955,True
28430012,Brandenburg,77.31629392971246,8,True
29443683,Brandenburg,57.93397231096912,956,True
36422957,Brandenburg,59.63791267305645,774,True
31471820,Brandenburg,10.86261980830671,19,False
43473626,Brandenburg,45.367412140575084,6,True
35396713,Brandenburg,9.957401490947817,15,False
40536007,Brandenburg,39.13738019169329,612,True
39549052,Brandenburg,7.135250266240682,21,False
31449212,Brandenburg,9.211927582534612,9,False
33455424,Brandenburg,12.40681576144835,19,False
36500580,Brandenburg,8.040468583599573,2,False
28410228,Brandenburg,14.48349307774228,77,True
38431530,Brandenburg,51.2779552715655,826,True
35442124,Brandenburg,21.24600638977636,173,True
38421590,Brandenburg,20.926517571884983,59,True
36532684,Brandenburg,5.644302449414271,16,False
34522486,Brandenburg,8.146964856230031,2,False
33512291,Brandenburg,8.626198083067091,20,False
32481966,Brandenburg,8.040468583599573,1,False
42530367,Brandenburg,58.57294994675186,982,True
31509215,Brandenburg,89.5101171458999,495,True
29510657,Brandenburg,28.753993610223645,170,True
42466030,Brandenburg,70.6070287539936,511,True
33520965,Brandenburg,7.987220447284344,1,False
40441020,Brandenburg,9.371671991480298,5,False
29350014,Brandenburg,21.03301384451544,87,True
38485036,Brandenburg,65.0692225772098,611,True
33437057,Brandenburg,16.40042598509052,15,False
36532677,Brandenburg,16.50692225772098,82,True
37451901,Brandenburg,7.987220447284344,1,False
42526006,Brandenburg,36.84771033013845,565,True
37471708,Brandenburg,9.158679446219383,10,False
31502069,Brandenburg,10.117145899893504,13,False
42456031,Brandenburg,40.788072417465386,665,True
32399982,Brandenburg,16.719914802981894,44,False
37451330,Brandenburg,78.80724174653886,778,True
30470031,Brandenburg,28.8604898828541,460,True
38515044,Brandenburg,87.48668796592119,1635,True
29350025,Brandenburg,70.12779552715655,961,True
38539084,Brandenburg,14.270500532481364,104,True
38532834,Brandenburg,8.732694355697552,4,False
41510032,Brandenburg,80.72417465388712,1365,True
30380004,Brandenburg,50.58572949946751,853,True
37451906,Brandenburg,8.20021299254526,5,False
39549064,Brandenburg,6.017039403620873,1,False
27442189,Brandenburg,54.632587859424916,493,True
38413490,Brandenburg,47.92332268370607,882,True
30400574,Brandenburg,8.67944621938232,8,False
32502107,Brandenburg,17.199148029818957,161,True
40486075,Brandenburg,68.05111821086261,1258,True
35522582,Brandenburg,3.3546325878594248,13,False
34426101,Brandenburg,8.25346112886049,1,False
35426050,Brandenburg,87.3269435569755,987,True
42476009,Brandenburg,52.342917997870074,101,True
39441115,Brandenburg,52.23642172523961,895,True
30400580,Brandenburg,8.25346112886049,4,False
37501764,Brandenburg,9.850905218317358,13,False
33455015,Brandenburg,12.83280085197018,19,False
28511229,Brandenburg,12.779552715654951,30,False
32464603,Brandenburg,29.659211927582536,243,True
36412961,Brandenburg,34.185303514377,126,True
29470030,Brandenburg,58.51970181043663,1005,True
36441860,Brandenburg,55.75079872204473,955,True
45455004,Brandenburg,67.25239616613419,1194,True
43473627,Brandenburg,45.740149094781685,14,True
31471821,Brandenburg,11.128860489882854,19,False
40515016,Brandenburg,68.47710330138446,1191,True
28430013,Brandenburg,77.68903088391906,9,True
29443682,Brandenburg,53.674121405750796,899,True
31502035,Brandenburg,11.554845580404686,51,False
30370047,Brandenburg,9.531416400425986,18,False
35522585,Brandenburg,18.69009584664537,27,False
31506005,Brandenburg,8.892438764643238,9,False
28481093,Brandenburg,38.81789137380191,484,True
33427290,Brandenburg,13.045793397231098,80,True
39423102,Brandenburg,6.496272630457935,11,False
45455003,Brandenburg,9.79765708200213,15,False
31429507,Brandenburg,92.86474973375933,1721,True
28473141,Brandenburg,52.87539936102237,895,True
32429600,Brandenburg,78.48775292864751,1407,True
34510971,Brandenburg,8.998935037273695,10,False
39451179,Brandenburg,9.105431309904153,5,False
42476038,Brandenburg,58.146964856230035,1089,True
36465001,Brandenburg,8.093716719914804,1,False
37520274,Brandenburg,34.93077742279021,3,True
36471633,Brandenburg,8.20021299254526,5,False
34442481,Brandenburg,6.283280085197019,22,False
38505045,Brandenburg,38.232161874334395,424,True
36491640,Brandenburg,10.063897763578275,26,False
31471810,Brandenburg,8.78594249201278,5,False
29400520,Brandenburg,47.12460063897764,787,True
45476071,Brandenburg,86.47497337593184,1278,True
43540122,Brandenburg,24.121405750798722,192,True
32429404,Brandenburg,9.957401490947817,26,False
33502252,Brandenburg,9.584664536741213,8,False
32502131,Brandenburg,8.78594249201278,10,False
31464700,Brandenburg,24.65388711395101,253,True
34512426,Brandenburg,8.30670926517572,5,False
37520273,Brandenburg,35.19701810436634,10,True
34427481,Brandenburg,9.850905218317358,19,False
33452450,Brandenburg,11.288604898828542,10,False
34447100,Brandenburg,54.10010649627262,953,True
32429403,Brandenburg,10.010649627263046,26,False
38515029,Brandenburg,36.102236421725244,164,True
43476151,Brandenburg,40.52183173588924,576,True
40500136,Brandenburg,32.5346112886049,470,True
29499503,Brandenburg,9.584664536741213,10,False
39549065,Brandenburg,6.975505857294994,4,False
30491506,Brandenburg,8.78594249201278,13,False
29350024,Brandenburg,63.684771033013845,961,True
28473124,Brandenburg,55.21831735889244,477,True
28410220,Brandenburg,10.969116080937168,23,False
30380005,Brandenburg,36.74121405750799,578,True
38532835,Brandenburg,9.318423855165069,9,False
38490947,Brandenburg,9.584664536741213,8,False
36501657,Brandenburg,69.16932907348243,1234,True
30380002,Brandenburg,50.47923322683706,849,True
38480325,Brandenburg,32.215122470713524,463,True
39496123,Brandenburg,76.6773162939297,1422,True
31429757,Brandenburg,9.105431309904153,9,False
37451900,Brandenburg,8.78594249201278,11,False
35432435,Brandenburg,15.175718849840255,112,True
28410218,Brandenburg,11.075612353567625,23,False
38470302,Brandenburg,43.82321618743344,23,True
39431451,Brandenburg,8.30670926517572,6,False
30470030,Brandenburg,28.753993610223645,460,True
40536008,Brandenburg,35.88924387646432,621,True
30429066,Brandenburg,8.892438764643238,9,False
40536001,Brandenburg,27.84877529286475,375,True
33520964,Brandenburg,10.117145899893504,15,False
31509214,Brandenburg,50.106496272630466,410,True
38431536,Brandenburg,22.683706070287542,168,True
40506009,Brandenburg,68.90308839190628,1243,True
35442310,Brandenburg,13.258785942492013,39,False
38413454,Brandenburg,9.211927582534612,10,False
42519071,Brandenburg,68.370607028754,270,True
34515030,Brandenburg,45.42066027689031,723,True
30491508,Brandenburg,8.466453674121405,4,False
36532682,Brandenburg,11.341853035143771,15,False
38421562,Brandenburg,10.33013844515442,21,False
40536006,Brandenburg,52.39616613418531,565,True
38490172,Brandenburg,40.09584664536741,639,True
35396712,Brandenburg,9.850905218317358,15,False
31502059,Brandenburg,10.436634717784878,43,False
38540249,Brandenburg,8.519701810436635,9,False
36532685,Brandenburg,5.005324813631523,31,False
37451300,Brandenburg,8.839190628328009,5,False
37471707,Brandenburg,27.36954206602769,453,True
33512290,Brandenburg,9.531416400425986,31,False
34522487,Brandenburg,8.146964856230031,2,False
33455425,Brandenburg,12.35356762513312,19,False
38421591,Brandenburg,20.926517571884983,59,True
38413453,Brandenburg,9.105431309904153,10,False
36501661,Brandenburg,10.010649627263046,18,False
39461262,Brandenburg,9.637912673056443,12,False
41469006,Brandenburg,72.20447284345049,1310,True
44480777,Brandenburg,72.790202342918,782,True
31445103,Brandenburg,25.34611288604899,200,True
34447010,Brandenburg,11.608093716719916,10,False
35532636,Brandenburg,8.572949946751864,2,False
35422710,Brandenburg,8.093716719914804,1,False
35535245,Brandenburg,44.88817891373802,533,True
30453795,Brandenburg,54.36634717784877,930,True
33522321,Brandenburg,8.25346112886049,4,False
33532381,Brandenburg,16.02768903088392,154,True
45478008,Brandenburg,47.55058572949947,3,True
41446012,Brandenburg,72.36421725239617,510,True
36441946,Brandenburg,10.489882854100106,31,False
37441817,Brandenburg,8.945686900958465,6,False
38431488,Brandenburg,8.892438764643238,5,False
37539427,Brandenburg,40.04259850905218,7,True
44476037,Brandenburg,61.7678381256656,1160,True
39496094,Brandenburg,60.48988285410011,282,True
34491539,Brandenburg,10.915867944621937,89,True
33522326,Brandenburg,9.584664536741213,6,False
33451752,Brandenburg,66.29392971246007,1166,True
35501621,Brandenburg,30.031948881789138,426,True
39451252,Brandenburg,9.744408945686901,11,False
31445104,Brandenburg,24.920127795527154,200,True
27501027,Brandenburg,68.79659211927583,539,True
33407910,Brandenburg,10.063897763578275,22,False
37529010,Brandenburg,11.128860489882854,57,True
30438402,Brandenburg,10.489882854100106,3,False
31490600,Brandenburg,9.79765708200213,25,False
37529019,Brandenburg,33.86581469648562,4,True
29519002,Brandenburg,44.3024494142705,240,True
35442254,Brandenburg,8.040468583599573,6,False
32462087,Brandenburg,38.28541001064963,689,True
36461325,Brandenburg,31.20340788072418,462,True
35532638,Brandenburg,8.732694355697552,5,False
42473661,Brandenburg,95.26091586794462,1771,True
33392110,Brandenburg,32.32161874334398,465,True
45488021,Brandenburg,47.44408945686901,3,True
27521086,Brandenburg,34.771033013844516,622,True
35426140,Brandenburg,41.853035143769965,436,True
31481916,Brandenburg,7.987220447284344,1,False
31401621,Brandenburg,62.77955271565495,1089,True
38530421,Brandenburg,8.945686900958465,9,False
38525107,Brandenburg,40.68157614483493,480,True
26390030,Brandenburg,37.32694355697551,565,True
45468055,Brandenburg,8.626198083067091,9,False
36441970,Brandenburg,11.341853035143771,4,False
39496056,Brandenburg,8.093716719914804,2,False
33532388,Brandenburg,4.845580404685836,20,False
39521831,Brandenburg,11.980830670926517,57,True
41486609,Brandenburg,8.30670926517572,2,False
33407981,Brandenburg,10.489882854100106,41,False
36404940,Brandenburg,14.962726304579341,44,False
32449209,Brandenburg,14.909478168264112,50,False
37526002,Brandenburg,72.94994675186368,1034,True
30470581,Brandenburg,37.11395101171459,10,True
36451341,Brandenburg,13.684771033013845,14,False
39525002,Brandenburg,69.06283280085196,587,True
37423630,Brandenburg,17.94462193823216,178,True
45483207,Brandenburg,8.040468583599573,2,False
43530115,Brandenburg,67.46538871139511,1260,True
28441301,Brandenburg,9.424920127795527,5,False
41500710,Brandenburg,77.63578274760383,930,True
45460254,Brandenburg,65.54845580404685,1203,True
27511011,Brandenburg,13.099041533546327,105,True
28440015,Brandenburg,77.209797657082,8,True
26480022,Brandenburg,42.225772097976574,514,True
33465505,Brandenburg,12.034078807241746,18,False
33522344,Brandenburg,8.519701810436635,5,False
31449109,Brandenburg,20.12779552715655,103,True
35442200,Brandenburg,12.35356762513312,7,False
45496170,Brandenburg,57.29499467518637,123,True
41506048,Brandenburg,74.01490947816826,673,True
35432345,Brandenburg,8.413205537806178,5,False
34417705,Brandenburg,25.77209797657082,325,True
38451395,Brandenburg,8.040468583599573,1,False
28501105,Brandenburg,10.383386581469649,17,False
38451191,Brandenburg,12.247071352502664,31,False
31449107,Brandenburg,44.515441959531415,730,True
32472089,Brandenburg,44.88817891373802,673,True
44473511,Brandenburg,8.25346112886049,4,False
35406373,Brandenburg,8.732694355697552,5,False
36475116,Brandenburg,31.735889243876464,336,True
28438101,Brandenburg,8.78594249201278,9,False
33427123,Brandenburg,8.998935037273695,12,False
30401382,Brandenburg,6.762513312034078,5,False
34532501,Brandenburg,5.5910543130990416,3,False
33471550,Brandenburg,12.034078807241746,39,False
37471642,Brandenburg,26.198083067092654,326,True
37465070,Brandenburg,64.48349307774228,910,True
35416176,Brandenburg,9.424920127795527,22,False
38525106,Brandenburg,54.36634717784877,485,True
27501028,Brandenburg,76.14483493077742,539,True
40496302,Brandenburg,8.20021299254526,4,False
34471545,Brandenburg,13.631522896698616,80,True
43526210,Brandenburg,55.80404685835995,82,True
33522329,Brandenburg,9.158679446219383,18,False
34416018,Brandenburg,9.850905218317358,17,False
31481928,Brandenburg,9.850905218317358,21,False
36505189,Brandenburg,8.20021299254526,1,False
31491988,Brandenburg,10.649627263045794,28,False
36441971,Brandenburg,11.288604898828542,4,False
39496057,Brandenburg,8.998935037273695,9,False
35416185,Brandenburg,46.27263045793397,626,True
38441704,Brandenburg,10.86261980830671,23,False
32462086,Brandenburg,36.687965921192756,689,True
38431487,Brandenburg,9.26517571884984,6,False
28440040,Brandenburg,77.31629392971246,13,True
45468098,Brandenburg,40.415335463258785,4,True
38470840,Brandenburg,9.584664536741213,23,False
36441976,Brandenburg,15.974440894568689,7,False
33470881,Brandenburg,47.6038338658147,782,True
38549040,Brandenburg,8.093716719914804,5,False
38501732,Brandenburg,10.543130990415335,43,False
39496059,Brandenburg,53.24813631522897,4,True
35459841,Brandenburg,16.080937167199146,49,False
33522327,Brandenburg,17.99787007454739,69,True
35532630,Brandenburg,8.519701810436635,2,False
40546008,Brandenburg,9.318423855165069,9,False
33407911,Brandenburg,9.904153354632587,22,False
29453530,Brandenburg,64.90947816826412,1117,True
42516181,Brandenburg,41.267305644302446,678,True
28453495,Brandenburg,5.537806176783812,9,False
33532380,Brandenburg,4.313099041533546,12,False
32465430,Brandenburg,34.71778487752928,460,True
33522320,Brandenburg,17.199148029818957,215,True
31445102,Brandenburg,25.026624068157616,200,True
39471208,Brandenburg,12.247071352502664,26,False
39496095,Brandenburg,43.9297124600639,20,True
41500774,Brandenburg,56.49627263045793,930,True
35405930,Brandenburg,8.839190628328009,11,False
32449255,Brandenburg,47.71033013844516,767,True
30438404,Brandenburg,10.543130990415335,3,False
45478009,Brandenburg,86.26198083067092,1587,True
37485035,Brandenburg,61.07561235356762,553,True
29410650,Brandenburg,44.994675186368475,743,True
44456001,Brandenburg,70.6070287539936,1278,True
43537300,Brandenburg,10.702875399361023,53,True
41516013,Brandenburg,56.656017039403615,989,True
26500002,Brandenburg,9.531416400425986,5,False
41506047,Brandenburg,69.16932907348243,1243,True
34532500,Brandenburg,8.20021299254526,2,False
30401383,Brandenburg,47.92332268370607,784,True
37539029,Brandenburg,8.413205537806178,5,False
34437100,Brandenburg,51.384451544195954,460,True
28438100,Brandenburg,8.839190628328009,9,False
33427310,Brandenburg,8.25346112886049,53,True
38501759,Brandenburg,10.80937167199148,36,False
30480596,Brandenburg,35.78274760383386,385,True
32449206,Brandenburg,9.105431309904153,9,False
33427125,Brandenburg,10.117145899893504,31,False
35406375,Brandenburg,9.744408945686901,9,False
34532507,Brandenburg,7.7209797657082,29,False
30509092,Brandenburg,9.26517571884984,5,False
43529039,Brandenburg,74.01490947816826,736,True
38441750,Brandenburg,8.839190628328009,4,False
44466038,Brandenburg,51.118210862619804,413,True
31449108,Brandenburg,8.945686900958465,4,False
33465504,Brandenburg,11.235356762513312,18,False
40546052,Brandenburg,23.322683706070286,387,True
42500081,Brandenburg,51.118210862619804,408,True
37441880,Brandenburg,18.849840255591054,75,True
34481536,Brandenburg,8.466453674121405,5,False
44466000,Brandenburg,37.167199148029816,586,True
39521830,Brandenburg,11.714589989350372,33,False
28438109,Brandenburg,8.67944621938232,9,False
33522342,Brandenburg,8.359957401490947,7,False
33465503,Brandenburg,60.17039403620873,1003,True
36451340,Brandenburg,13.951011714589988,14,False
39525003,Brandenburg,65.76144834930777,587,True
34532514,Brandenburg,14.057507987220447,142,True
38441781,Brandenburg,17.784877529286476,22,False
41486615,Brandenburg,62.832800851970184,1145,True
31481995,Brandenburg,4.952076677316294,4,False
41510109,Brandenburg,8.20021299254526,5,False
40510864,Brandenburg,38.977635782747605,29,True
35406530,Brandenburg,8.67944621938232,5,False
32529249,Brandenburg,25.66560170394036,187,True
30476003,Brandenburg,47.390841320553776,386,True
43476000,Brandenburg,70.71352502662407,507,True
43453723,Brandenburg,44.08945686900959,45,True
41496010,Brandenburg,41.42705005324814,678,True
26390040,Brandenburg,34.877529286474974,574,True
36471134,Brandenburg,68.42385516506923,1196,True
43536007,Brandenburg,69.70181043663472,612,True
38451389,Brandenburg,8.78594249201278,56,True
28360040,Brandenburg,67.57188498402556,1121,True
27521005,Brandenburg,6.602768903088392,9,False
39511822,Brandenburg,17.784877529286476,200,True
32482083,Brandenburg,30.45793397231097,547,True
41486086,Brandenburg,20.447284345047922,333,True
34447060,Brandenburg,41.42705005324814,566,True
35416131,Brandenburg,47.49733759318424,379,True
37530181,Brandenburg,39.8828541001065,4,True
32529247,Brandenburg,22.896698615548456,187,True
36441936,Brandenburg,9.052183173588926,15,False
42510456,Brandenburg,47.390841320553776,799,True
37539033,Brandenburg,8.20021299254526,2,False
33465517,Brandenburg,55.96379126730564,1004,True
32455015,Brandenburg,58.626198083067095,984,True
43506001,Brandenburg,37.85942492012779,567,True
29443515,Brandenburg,53.674121405750796,861,True
37539034,Brandenburg,6.283280085197019,7,False
34392120,Brandenburg,47.44408945686901,804,True
41506065,Brandenburg,75.66560170394037,1412,True
41466006,Brandenburg,67.03940362087327,1202,True
28440007,Brandenburg,77.26304579339724,8,True
39490172,Brandenburg,63.0457933972311,1145,True
40506352,Brandenburg,16.98615548455804,69,True
44466040,Brandenburg,58.83919062832801,1089,True
37465064,Brandenburg,31.52289669861555,412,True
36485179,Brandenburg,62.51331203407881,1145,True
40496316,Brandenburg,8.413205537806178,9,False
26490030,Brandenburg,40.20234291799787,563,True
38441717,Brandenburg,8.626198083067091,4,False
31429402,Brandenburg,10.117145899893504,28,False
44463707,Brandenburg,70.44728434504792,1273,True
40506355,Brandenburg,36.52822151224707,2,True
29510999,Brandenburg,4.10010649627263,3,False
27400050,Brandenburg,9.744408945686901,14,False
34402050,Brandenburg,8.040468583599573,1,False
37451400,Brandenburg,39.829605963791266,617,True
36412060,Brandenburg,8.20021299254526,5,False
42529117,Brandenburg,9.850905218317358,18,False
32409933,Brandenburg,18.10436634717785,123,True
37413822,Brandenburg,9.584664536741213,7,False
36414990,Brandenburg,55.16506922257721,943,True
32455414,Brandenburg,9.850905218317358,9,False
31491992,Brandenburg,12.939297124600637,101,True
41469014,Brandenburg,10.649627263045794,7,False
39476001,Brandenburg,35.19701810436634,611,True
33522333,Brandenburg,8.093716719914804,1,False
35432590,Brandenburg,13.89776357827476,14,False
38471711,Brandenburg,27.84877529286475,519,True
27400059,Brandenburg,8.998935037273695,9,False
35532624,Brandenburg,8.519701810436635,2,False
43526000,Brandenburg,5.7507987220447285,13,False
33480246,Brandenburg,49.78700745473908,895,True
30429750,Brandenburg,20.07454739084132,148,True
34481540,Brandenburg,28.27476038338658,54,True
28401031,Brandenburg,18.10436634717785,21,False
35532623,Brandenburg,9.424920127795527,8,False
36451938,Brandenburg,11.235356762513312,6,False
29519026,Brandenburg,11.182108626198083,11,False
33427350,Brandenburg,28.115015974440894,379,True
36461150,Brandenburg,17.35889243876464,174,True
29519045,Brandenburg,8.67944621938232,5,False
36515157,Brandenburg,59.95740149094782,1085,True
34491548,Brandenburg,93.82321618743345,1762,True
36451355,Brandenburg,54.9520766773163,894,True
34532523,Brandenburg,8.519701810436635,5,False
36432263,Brandenburg,43.76996805111821,541,True
28440006,Brandenburg,77.63578274760383,8,True
32529241,Brandenburg,15.282215122470713,187,True
37539451,Brandenburg,40.57507987220447,12,True
34392121,Brandenburg,47.390841320553776,804,True
43446000,Brandenburg,61.66134185303515,510,True
44456210,Brandenburg,44.142705005324814,64,True
38451375,Brandenburg,13.684771033013845,19,False
36432264,Brandenburg,43.61022364217252,541,True
42519181,Brandenburg,8.466453674121405,9,False
36451352,Brandenburg,8.093716719914804,3,False
41495000,Brandenburg,55.91054313099042,443,True
33465511,Brandenburg,54.73908413205538,972,True
35416130,Brandenburg,47.657082002129926,379,True
34447061,Brandenburg,41.373801916932905,566,True
41486087,Brandenburg,19.382321618743344,348,True
45498035,Brandenburg,9.637912673056443,22,False
42496911,Brandenburg,8.25346112886049,4,False
32500952,Brandenburg,10.543130990415335,25,False
40546040,Brandenburg,9.691160809371672,9,False
28440001,Brandenburg,77.31629392971246,13,True
31481993,Brandenburg,96.80511182108627,643,True
34532512,Brandenburg,6.123535676251332,12,False
39461225,Brandenburg,10.969116080937168,57,True
45453266,Brandenburg,9.904153354632587,57,True
43536006,Brandenburg,69.6485623003195,612,True
28370015,Brandenburg,40.94781682641108,588,True
43453725,Brandenburg,43.556975505857295,10,True
32439500,Brandenburg,61.18210862619809,573,True
31391541,Brandenburg,29.97870074547391,349,True
31400785,Brandenburg,47.33759318423855,743,True
38441774,Brandenburg,8.998935037273695,4,False
32529248,Brandenburg,34.66453674121406,287,True
41496016,Brandenburg,64.48349307774228,1148,True
34532515,Brandenburg,8.20021299254526,63,True
31481994,Brandenburg,4.15335463258786,4,False
30448500,Brandenburg,30.085197018104363,470,True
37529003,Brandenburg,36.15548455804047,5,True
42529118,Brandenburg,11.554845580404686,35,False
43488123,Brandenburg,45.367412140575084,10,True
31401603,Brandenburg,9.584664536741213,9,False
33427351,Brandenburg,28.008519701810435,379,True
35532622,Brandenburg,8.519701810436635,2,False
36451939,Brandenburg,11.608093716719916,6,False
29453525,Brandenburg,10.117145899893504,15,False
39480324,Brandenburg,10.170394036208732,18,False
44463730,Brandenburg,40.46858359957402,6,True
33522332,Brandenburg,8.25346112886049,3,False
27400058,Brandenburg,13.471778487752928,16,False
37421572,Brandenburg,8.466453674121405,10,False
33437130,Brandenburg,8.093716719914804,2,False
38441727,Brandenburg,44.72843450479233,656,True
36480290,Brandenburg,59.31842385516507,891,True
31391523,Brandenburg,4.526091586794463,3,False
40506354,Brandenburg,36.52822151224707,2,True
29519029,Brandenburg,47.33759318423855,57,True
39451270,Brandenburg,11.288604898828542,5,False
33437106,Brandenburg,7.987220447284344,1,False
32409932,Brandenburg,18.47710330138445,123,True
36412061,Brandenburg,8.20021299254526,5,False
35442240,Brandenburg,25.292864749733756,406,True
31481905,Brandenburg,8.732694355697552,13,False
33455572,Brandenburg,59.850905218317365,984,True
32510955,Brandenburg,5.963791267305645,5,False
38511789,Brandenburg,8.093716719914804,2,False
45473604,Brandenburg,54.84558040468583,27,True
29443540,Brandenburg,69.22257720979765,1280,True
40546013,Brandenburg,10.170394036208732,24,False
36441990,Brandenburg,31.895633652822152,442,True
34426005,Brandenburg,8.30670926517572,10,False
40496317,Brandenburg,8.413205537806178,5,False
36485178,Brandenburg,61.128860489882854,1142,True
26490031,Brandenburg,40.14909478168264,563,True
34502540,Brandenburg,17.99787007454739,115,True
38423150,Brandenburg,53.088391906283285,882,True
39539079,Brandenburg,8.67944621938232,40,False
41500768,Brandenburg,55.00532481363152,36,True
32502171,Brandenburg,43.9297124600639,673,True
36459822,Brandenburg,16.080937167199146,49,False
31502044,Brandenburg,10.33013844515442,8,False
38413471,Brandenburg,35.41001064962726,384,True
36511628,Brandenburg,8.20021299254526,5,False
33512279,Brandenburg,7.987220447284344,1,False
28519035,Brandenburg,11.395101171458998,11,False
43473656,Brandenburg,54.7923322683706,406,True
39549076,Brandenburg,8.093716719914804,2,False
44458099,Brandenburg,14.589989350372736,127,True
43540350,Brandenburg,8.78594249201278,10,False
36532662,Brandenburg,12.88604898828541,55,True
31502075,Brandenburg,8.78594249201278,19,False
37532733,Brandenburg,8.626198083067091,5,False
33512283,Brandenburg,7.77422790202343,11,False
32502140,Brandenburg,9.478168264110757,3,False
30410900,Brandenburg,41.79978700745474,603,True
38496050,Brandenburg,75.87859424920129,1370,True
44546013,Brandenburg,11.554845580404686,43,False
33520970,Brandenburg,6.496272630457935,15,False
43520089,Brandenburg,7.987220447284344,1,False
42529055,Brandenburg,68.370607028754,213,True
32465301,Brandenburg,12.673056443024494,26,False
45496241,Brandenburg,72.36421725239617,1358,True
45476000,Brandenburg,78.00851970181044,1278,True
32471954,Brandenburg,8.093716719914804,5,False
29341722,Brandenburg,47.92332268370607,645,True
28521235,Brandenburg,50.26624068157615,856,True
36471629,Brandenburg,11.128860489882854,45,False
36404810,Brandenburg,39.66986155484558,481,True
37490276,Brandenburg,67.46538871139511,1197,True
31502019,Brandenburg,11.554845580404686,40,False
36422942,Brandenburg,34.66453674121406,126,True
38431585,Brandenburg,7.987220447284344,1,False
28390113,Brandenburg,10.436634717784878,30,False
32512147,Brandenburg,25.98509052183174,359,True
32522184,Brandenburg,19.968051118210862,229,True
31502026,Brandenburg,14.004259850905218,35,False
37394630,Brandenburg,59.53141640042598,743,True
28400205,Brandenburg,12.460063897763577,9,False
30400558,Brandenburg,8.67944621938232,8,False
40441095,Brandenburg,44.94142705005325,617,True
36511686,Brandenburg,70.50053248136315,1285,True
32522183,Brandenburg,5.7507987220447285,5,False
28438060,Brandenburg,10.649627263045794,9,False
32512140,Brandenburg,10.223642172523961,23,False
32502114,Brandenburg,9.478168264110757,4,False
28390114,Brandenburg,12.779552715654951,47,False
34416125,Brandenburg,8.25346112886049,5,False
32455391,Brandenburg,42.86474973375932,385,True
42505003,Brandenburg,57.66773162939297,1019,True
39532923,Brandenburg,8.25346112886049,2,False
43483428,Brandenburg,56.0702875399361,75,True
31519236,Brandenburg,31.576144834930776,182,True
32512149,Brandenburg,8.146964856230031,61,True
29463891,Brandenburg,53.1416400425985,451,True
32419840,Brandenburg,19.755058572949945,54,True
33502241,Brandenburg,4.526091586794463,12,False
30360009,Brandenburg,70.87326943556975,1248,True
26501081,Brandenburg,69.43556975505857,371,True
39441108,Brandenburg,11.128860489882854,36,False
33455008,Brandenburg,12.779552715654951,39,False
27460405,Brandenburg,55.53780617678381,931,True
41470010,Brandenburg,47.6038338658147,799,True
29370007,Brandenburg,22.683706070287542,230,True
30360036,Brandenburg,14.43024494142705,15,False
28390125,Brandenburg,39.829605963791266,634,True
32502125,Brandenburg,11.341853035143771,22,False
43483622,Brandenburg,35.41001064962726,461,True
33419916,Brandenburg,9.850905218317358,2,False
39530277,Brandenburg,8.732694355697552,9,False
40520981,Brandenburg,42.17252396166134,44,True
33512271,Brandenburg,12.99254526091587,100,True
36532664,Brandenburg,10.383386581469649,35,False
42539000,Brandenburg,19.968051118210862,334,True
37532735,Brandenburg,8.78594249201278,7,False
43520088,Brandenburg,7.987220447284344,1,False
33512285,Brandenburg,8.30670926517572,3,False
31455202,Brandenburg,9.691160809371672,3,False
45503120,Brandenburg,48.08306709265175,3,True
43501596,Brandenburg,73.10969116080938,780,True
34522459,Brandenburg,8.25346112886049,4,False
30448615,Brandenburg,53.88711395101171,641,True
42530374,Brandenburg,34.07880724174654,474,True
39511751,Brandenburg,74.86687965921193,1365,True
31391801,Brandenburg,8.732694355697552,1,False
26486016,Brandenburg,63.791267305644304,366,True
36532663,Brandenburg,13.844515441959532,23,False
34522461,Brandenburg,3.993610223642172,10,False
42530373,Brandenburg,26.304579339723112,375,True
29453690,Brandenburg,13.951011714589988,148,True
35490240,Brandenburg,62.566560170394034,1175,True
30370039,Brandenburg,11.022364217252397,24,False
42456013,Brandenburg,55.21831735889244,580,True
36442206,Brandenburg,11.608093716719916,4,False
37431651,Brandenburg,15.495207667731629,6,False
34522457,Brandenburg,25.82534611288605,360,True
37413733,Brandenburg,8.25346112886049,1,False
38431515,Brandenburg,6.922257720979766,7,False
36532655,Brandenburg,32.374866879659216,396,True
30491514,Brandenburg,8.413205537806178,1,False
39549077,Brandenburg,9.531416400425986,23,False
29438509,Brandenburg,17.94462193823216,13,False
38413470,Brandenburg,35.46325878594249,384,True
31502045,Brandenburg,27.263045793397232,215,True
32419812,Brandenburg,92.27902023429179,1708,True
36459823,Brandenburg,15.867944621938232,49,False
38539090,Brandenburg,9.637912673056443,14,False
33512278,Brandenburg,17.465388711395104,26,False
38532820,Brandenburg,8.040468583599573,2,False
29360006,Brandenburg,15.122470713525027,50,False
36532699,Brandenburg,11.022364217252397,8,False
30491513,Brandenburg,8.30670926517572,1,False
42476015,Brandenburg,62.14057507987221,381,True
31471802,Brandenburg,9.744408945686901,12,False
31409918,Brandenburg,10.383386581469649,9,False
32419879,Brandenburg,16.773162939297126,9,False
30390010,Brandenburg,41.69329073482428,603,True
37490241,Brandenburg,10.80937167199148,22,False
38460579,Brandenburg,83.59957401490948,1534,True
43483623,Brandenburg,40.52183173588924,21,True
37413760,Brandenburg,32.74760383386581,480,True
31455260,Brandenburg,14.004259850905218,16,False
38465206,Brandenburg,61.395101171459,985,True
36522652,Brandenburg,23.695420660276888,175,True
42505002,Brandenburg,75.45260915867945,1417,True
31502029,Brandenburg,14.376996805111823,48,False
31519237,Brandenburg,48.18956336528222,459,True
32512148,Brandenburg,5.804046858359958,10,False
31471805,Brandenburg,9.691160809371672,12,False
38465201,Brandenburg,57.98722044728435,1034,True
28390123,Brandenburg,93.02449414270501,1724,True
33502240,Brandenburg,9.318423855165069,24,False
29463890,Brandenburg,55.21831735889244,930,True
43473635,Brandenburg,35.356762513312034,6,True
42453535,Brandenburg,44.781682641107565,60,True
28511204,Brandenburg,11.075612353567625,20,False
33442420,Brandenburg,14.696485623003195,8,False
32502115,Brandenburg,9.318423855165069,2,False
28390115,Brandenburg,9.26517571884984,9,False
30400566,Brandenburg,9.052183173588926,8,False
32522182,Brandenburg,8.78594249201278,8,False
38500184,Brandenburg,8.30670926517572,2,False
30410700,Brandenburg,30.990415335463258,453,True
29370030,Brandenburg,53.567625133120345,444,True
46489130,Brandenburg,43.66347177848775,530,True
41510612,Brandenburg,8.572949946751864,5,False
39481746,Brandenburg,9.904153354632587,22,False
31419710,Brandenburg,10.010649627263046,9,False
32417780,Brandenburg,37.53993610223642,642,True
41510847,Brandenburg,70.6070287539936,1278,True
38431570,Brandenburg,51.863684771033014,893,True
32419870,Brandenburg,16.773162939297126,9,False
26481052,Brandenburg,62.99254526091587,366,True
34416123,Brandenburg,8.78594249201278,17,False
28390112,Brandenburg,9.211927582534612,9,False
33455490,Brandenburg,10.915867944621937,19,False
1,Berlin,10.80937167199148,51,False
100,Berlin,17.625133120340788,13,False
10035,Berlin,30.5111821086262,565,True
10038,Berlin,30.45793397231097,565,True
101,Berlin,34.71778487752928,626,True
102,Berlin,16.187433439829608,6,False
103,Berlin,16.666666666666664,7,False
10414,Berlin,47.71033013844516,887,True
10417,Berlin,47.657082002129926,887,True
10420,Berlin,49.201277955271564,888,True
10421,Berlin,51.06496272630457,956,True
105,Berlin,15.60170394036209,6,False
106,Berlin,16.45367412140575,8,False
107,Berlin,15.228966986155484,6,False
10709,Berlin,39.56336528221512,451,True
108,Berlin,16.879659211927585,10,False
109,Berlin,16.719914802981894,9,False
110,Berlin,16.134185303514375,9,False
114,Berlin,16.50692225772098,18,False
120,Berlin,16.293929712460063,25,False
125,Berlin,16.240681576144837,8,False
128,Berlin,12.40681576144835,22,False
129,Berlin,15.814696485623003,8,False
1305,Berlin,26.14483493077742,9,True
1306,Berlin,27.95527156549521,25,True
1311,Berlin,26.091586794462195,8,True
1318,Berlin,31.256656017039404,17,True
1320,Berlin,29.28647497337593,223,True
1325,Berlin,25.77209797657082,5,True
1339,Berlin,34.45154419595314,223,True
1349,Berlin,29.659211927582536,223,True
1359,Berlin,26.038338658146966,5,True
136,Berlin,16.666666666666664,15,False
137,Berlin,61.7678381256656,10,True
138,Berlin,35.94249201277955,12,True
139,Berlin,5.9105431309904155,15,False
144,Berlin,66.13418530351439,39,True
145,Berlin,13.205537806176784,20,False
146,Berlin,5.9105431309904155,18,False
147,Berlin,15.814696485623003,7,False
149,Berlin,25.292864749733756,150,True
150,Berlin,7.933972310969116,37,False
15001,Berlin,33.70607028753994,587,True
15012,Berlin,34.66453674121406,624,True
15049,Berlin,36.315228966986155,415,True
15062,Berlin,43.077742279020235,774,True
15063,Berlin,41.21405750798722,774,True
15065,Berlin,41.9062832800852,774,True
15101,Berlin,28.541001064962728,522,True
15104,Berlin,28.168264110756127,522,True
15147,Berlin,41.21405750798722,774,True
15150,Berlin,67.67838125665602,775,True
15152,Berlin,43.50372736954207,787,True
15156,Berlin,42.38551650692226,788,True
15161,Berlin,45.42066027689031,851,True
15163,Berlin,48.50905218317359,851,True
15165,Berlin,46.059637912673054,851,True
15166,Berlin,45.79339723109691,851,True
15167,Berlin,45.63365282215123,851,True
15168,Berlin,46.325878594249204,849,True
15169,Berlin,46.75186368477103,849,True
15170,Berlin,45.580404685835994,849,True
15171,Berlin,46.48562300319489,849,True
15172,Berlin,49.680511182108624,903,True
15174,Berlin,47.390841320553776,888,True
15175,Berlin,47.92332268370607,889,True
15176,Berlin,47.23109691160809,887,True
15178,Berlin,47.657082002129926,887,True
15179,Berlin,51.70394036208733,887,True
15180,Berlin,47.33759318423855,885,True
15181,Berlin,47.49733759318424,885,True
15184,Berlin,71.99148029818956,1315,True
15185,Berlin,69.22257720979765,1300,True
15189,Berlin,73.21618743343983,1375,True
15190,Berlin,74.70713525026625,1375,True
15192,Berlin,73.80191693290735,1375,True
15193,Berlin,73.42917997870074,1375,True
15195,Berlin,75.66560170394037,1421,True
15196,Berlin,75.87859424920129,1421,True
15197,Berlin,75.98509052183174,1421,True
15198,Berlin,75.66560170394037,1421,True
15199,Berlin,75.66560170394037,1421,True
152,Berlin,5.697550585729499,12,False
15201,Berlin,76.35782747603834,1069,True
153,Berlin,7.933972310969116,20,False
154,Berlin,6.815761448349308,9,False
155,Berlin,16.98615548455804,9,False
161,Berlin,20.12779552715655,13,True
162,Berlin,18.956336528221513,12,False
164,Berlin,10.27689030883919,21,False
165,Berlin,16.240681576144837,9,False
169,Berlin,16.666666666666664,8,False
17299,Berlin,77.209797657082,1450,True
173,Berlin,15.814696485623003,8,False
17300,Berlin,77.209797657082,1450,True
17301,Berlin,79.49946751863685,1447,True
17302,Berlin,77.52928647497338,1450,True
17303,Berlin,77.36954206602769,1069,True
17304,Berlin,78.1150159744409,1069,True
17306,Berlin,78.91373801916933,1069,True
17310,Berlin,95.26091586794462,1584,True
17311,Berlin,95.89989350372737,1584,True
17312,Berlin,95.26091586794462,1584,True
17315,Berlin,96.11288604898829,1584,True
17316,Berlin,95.26091586794462,1584,True
176,Berlin,5.857294994675186,20,False
178,Berlin,16.719914802981894,9,False
181,Berlin,17.03940362087327,12,False
182,Berlin,16.40042598509052,25,False
185,Berlin,16.293929712460063,25,False
2,Berlin,6.017039403620873,20,False
200,Berlin,15.761448349307775,27,False
201,Berlin,15.921192758253461,25,False
202,Berlin,15.228966986155484,40,False
204,Berlin,6.549520766773163,20,False
206,Berlin,8.572949946751864,30,False
209,Berlin,6.975505857294994,20,False
211,Berlin,16.134185303514375,25,False
21101,Berlin,60.1171458998935,1099,True
214,Berlin,16.134185303514375,12,False
221,Berlin,17.57188498402556,7,False
230,Berlin,16.56017039403621,27,False
231,Berlin,15.38871139510117,6,False
23101,Berlin,51.118210862619804,933,True
232,Berlin,22.736954206602768,103,True
23201,Berlin,51.81043663471778,954,True
237,Berlin,6.656017039403621,14,False
23701,Berlin,54.57933972310969,1020,True
23702,Berlin,55.6975505857295,1020,True
23703,Berlin,54.68583599574015,1020,True
23705,Berlin,54.68583599574015,1020,True
23707,Berlin,54.31309904153354,1020,True
23719,Berlin,60.17039403620873,1055,True
23746,Berlin,60.649627263045794,1135,True
23747,Berlin,61.28860489882854,1139,True
23748,Berlin,61.0223642172524,1139,True
23749,Berlin,60.91586794462194,1139,True
23750,Berlin,61.44834930777423,1139,True
23751,Berlin,60.649627263045794,1139,True
23753,Berlin,63.84451544195953,1194,True
24,Berlin,15.921192758253461,8,False
241,Berlin,19.116080937167197,66,True
243,Berlin,16.40042598509052,7,False
248,Berlin,6.869009584664537,20,False
249,Berlin,16.50692225772098,12,False
25,Berlin,15.38871139510117,7,False
251,Berlin,19.701810436634716,12,False
252,Berlin,18.956336528221513,79,True
253,Berlin,16.826411075612356,8,False
258,Berlin,15.60170394036209,12,False
259,Berlin,15.654952076677317,12,False
26,Berlin,15.38871139510117,7,False
2602,Berlin,63.25878594249201,1182,True
2603,Berlin,63.20553780617678,1182,True
2604,Berlin,65.49520766773162,1222,True
2605,Berlin,63.95101171458999,1189,True
2606,Berlin,63.897763578274756,1188,True
2607,Berlin,63.578274760383394,1188,True
262,Berlin,16.347177848775292,7,False
268,Berlin,16.98615548455804,27,False
282,Berlin,10.383386581469649,52,False
293,Berlin,14.802981895633652,5,False
294,Berlin,14.962726304579341,6,False
3,Berlin,17.731629392971247,25,False
30,Berlin,15.495207667731629,7,False
30201,Berlin,54.7923322683706,1021,True
3024,Berlin,18.264110756123536,30,False
3025,Berlin,23.322683706070286,10,True
3033,Berlin,19.329073482428115,14,False
305,Berlin,16.40042598509052,8,False
3063,Berlin,18.796592119275825,17,False
3097,Berlin,15.335463258785943,6,False
31,Berlin,16.93290734824281,25,False
312,Berlin,20.55378061767838,14,True
3137,Berlin,4.898828541001065,19,False
3144,Berlin,23.74866879659212,228,True
3154,Berlin,25.931842385516507,478,True
3155,Berlin,74.38764643237486,1359,True
3156,Berlin,74.70713525026625,1359,True
319,Berlin,15.175718849840255,8,False
32,Berlin,16.826411075612356,25,False
3211,Berlin,15.495207667731629,256,True
3212,Berlin,14.696485623003195,256,True
3213,Berlin,17.145899893503728,256,True
3215,Berlin,14.696485623003195,256,True
325,Berlin,21.5122470713525,103,True
326,Berlin,15.974440894568689,7,False
328,Berlin,16.826411075612356,10,False
3315,Berlin,22.20447284345048,383,True
3316,Berlin,29.818956336528224,478,True
3354,Berlin,42.438764643237484,774,True
3356,Berlin,44.19595314164005,820,True
3357,Berlin,44.08945686900959,820,True
34,Berlin,15.175718849840255,7,False
340,Berlin,17.145899893503728,25,False
343,Berlin,20.23429179978701,22,True
344,Berlin,16.719914802981894,17,False
345,Berlin,17.731629392971247,10,False
35,Berlin,15.122470713525027,7,False
358,Berlin,17.252396166134183,25,False
363,Berlin,13.205537806176784,169,True
366,Berlin,21.299254526091588,30,True
370,Berlin,17.305644302449412,168,True
377,Berlin,16.773162939297126,10,False
380,Berlin,17.305644302449412,17,False
384,Berlin,17.199148029818957,15,False
39,Berlin,15.175718849840255,8,False
399,Berlin,16.02768903088392,25,False
4,Berlin,17.784877529286476,25,False
40,Berlin,14.802981895633652,5,False
4003,Berlin,26.25133120340788,20,True
4005,Berlin,25.98509052183174,12,True
4006,Berlin,26.89030883919063,13,True
4008,Berlin,28.061767838125668,13,True
401,Berlin,16.293929712460063,25,False
4013,Berlin,25.98509052183174,12,True
4015,Berlin,26.14483493077742,12,True
404,Berlin,11.554845580404686,42,False
405,Berlin,8.626198083067091,23,False
4059,Berlin,13.951011714589988,97,True
4061,Berlin,36.63471778487753,576,True
407,Berlin,16.45367412140575,10,False
4098,Berlin,36.84771033013845,577,True
4105,Berlin,15.814696485623003,97,True
425,Berlin,15.4419595314164,7,False
426,Berlin,16.080937167199146,12,False
429,Berlin,15.4419595314164,7,False
430,Berlin,15.867944621938232,9,False
4304,Berlin,37.32694355697551,512,True
432,Berlin,15.761448349307775,7,False
439,Berlin,16.50692225772098,7,False
44,Berlin,5.9105431309904155,14,False
440,Berlin,5.218317358892439,12,False
446,Berlin,16.293929712460063,7,False
4460,Berlin,30.29818956336528,552,True
45,Berlin,11.395101171458998,88,True
4519,Berlin,27.316293929712458,478,True
4521,Berlin,26.837060702875398,478,True
4588,Berlin,37.22044728434505,576,True
4612,Berlin,85.25026624068157,577,True
4631,Berlin,27.316293929712458,486,True
4632,Berlin,26.837060702875398,486,True
4640,Berlin,27.263045793397232,478,True
4641,Berlin,28.061767838125668,478,True
4643,Berlin,45.580404685835994,577,True
4653,Berlin,62.24707135250266,1162,True
47,Berlin,17.0926517571885,13,False
4788,Berlin,27.529286474973375,478,True
4799,Berlin,26.464323748668793,478,True
4800,Berlin,35.88924387646432,478,True
4805,Berlin,36.74121405750799,576,True
4846,Berlin,26.89030883919063,478,True
4851,Berlin,26.837060702875398,487,True
4874,Berlin,86.5814696485623,577,True
4882,Berlin,27.05005324813631,400,True
4885,Berlin,26.73056443024494,478,True
4890,Berlin,27.316293929712458,400,True
4895,Berlin,26.89030883919063,399,True
4897,Berlin,28.4877529286475,399,True
492,Berlin,24.8136315228967,151,True
4923,Berlin,30.93716719914803,421,True
4928,Berlin,27.47603833865815,400,True
4930,Berlin,26.837060702875398,400,True
496,Berlin,17.35889243876464,9,False
499,Berlin,17.625133120340788,9,False
50,Berlin,18.264110756123536,10,False
500,Berlin,6.443024494142705,20,False
5001,Berlin,14.110756123535676,217,True
5002,Berlin,14.43024494142705,232,True
5004,Berlin,10.436634717784878,161,True
5005,Berlin,13.099041533546327,217,True
5006,Berlin,10.543130990415335,162,True
5008,Berlin,11.87433439829606,162,True
5009,Berlin,10.170394036208732,162,True
501,Berlin,6.869009584664537,20,False
5011,Berlin,10.702875399361023,162,True
5013,Berlin,11.341853035143771,161,True
5017,Berlin,11.128860489882854,162,True
5019,Berlin,10.543130990415335,162,True
5020,Berlin,14.217252396166133,209,True
5022,Berlin,20.07454739084132,225,True
5026,Berlin,13.205537806176784,225,True
5027,Berlin,20.23429179978701,232,True
5031,Berlin,10.596379126730564,162,True
5033,Berlin,16.50692225772098,238,True
5036,Berlin,17.03940362087327,259,True
5039,Berlin,22.577209797657083,317,True
5040,Berlin,19.382321618743344,317,True
5042,Berlin,20.820021299254527,324,True
5043,Berlin,19.116080937167197,242,True
5044,Berlin,27.422790202342917,385,True
5045,Berlin,17.89137380191693,258,True
5051,Berlin,31.09691160809372,518,True
5052,Berlin,28.061767838125668,470,True
5056,Berlin,20.394036208732693,265,True
5058,Berlin,30.404685835995743,509,True
5068,Berlin,29.179978700745473,529,True
5071,Berlin,27.79552715654952,434,True
5072,Berlin,26.996805111821086,434,True
5073,Berlin,28.221512247071352,409,True
5074,Berlin,26.464323748668793,386,True
5075,Berlin,27.316293929712458,385,True
5076,Berlin,28.115015974440894,441,True
5077,Berlin,28.061767838125668,434,True
5078,Berlin,27.689030883919063,385,True
5086,Berlin,25.559105431309902,385,True
5091,Berlin,29.44621938232162,503,True
5092,Berlin,27.15654952076677,506,True
51,Berlin,12.35356762513312,30,False
510,Berlin,4.898828541001065,12,False
511,Berlin,5.111821086261981,12,False
5118,Berlin,27.79552715654952,189,True
513,Berlin,5.16506922257721,28,False
5138,Berlin,17.784877529286476,258,True
5139,Berlin,25.292864749733756,297,True
5140,Berlin,20.60702875399361,62,True
5141,Berlin,26.783812566560172,327,True
5142,Berlin,77.47603833865814,103,True
5144,Berlin,23.26943556975506,54,True
5147,Berlin,25.559105431309902,274,True
5148,Berlin,43.45047923322684,373,True
5149,Berlin,38.07241746538871,17,True
5150,Berlin,26.464323748668793,205,True
5152,Berlin,22.417465388711395,15,True
5154,Berlin,17.145899893503728,99,True
5155,Berlin,28.913738019169326,62,True
5156,Berlin,25.612353567625135,114,True
516,Berlin,6.443024494142705,18,False
5161,Berlin,36.15548455804047,407,True
5167,Berlin,23.85516506922258,274,True
5168,Berlin,24.494142705005327,356,True
5169,Berlin,75.71884984025559,25,True
518,Berlin,5.378061767838125,12,False
52,Berlin,10.702875399361023,19,False
520,Berlin,7.933972310969116,19,False
5202,Berlin,73.10969116080938,118,True
5207,Berlin,26.198083067092654,289,True
5217,Berlin,17.838125665601705,6,False
522,Berlin,8.20021299254526,12,False
5231,Berlin,21.299254526091588,110,True
5233,Berlin,25.23961661341853,313,True
5253,Berlin,39.829605963791266,699,True
5255,Berlin,23.109691160809373,128,True
5277,Berlin,20.12779552715655,73,True
5297,Berlin,31.948881789137378,70,True
53,Berlin,16.879659211927585,9,False
5304,Berlin,21.991480298189565,19,True
5306,Berlin,24.334398296059636,125,True
5308,Berlin,27.316293929712458,3,True
5311,Berlin,27.316293929712458,503,True
5320,Berlin,21.5122470713525,126,True
5337,Berlin,21.67199148029819,162,True
5342,Berlin,78.00851970181044,91,True
5351,Berlin,22.577209797657083,91,True
5355,Berlin,26.14483493077742,385,True
5366,Berlin,41.746538871139514,774,True
5372,Berlin,19.435569755058573,59,True
5382,Berlin,22.097976570820023,52,True
5388,Berlin,26.411075612353567,207,True
5389,Berlin,21.458998935037275,55,True
5390,Berlin,20.55378061767838,52,True
5404,Berlin,25.23961661341853,285,True
5412,Berlin,79.71246006389777,66,True
5420,Berlin,22.683706070287542,264,True
5422,Berlin,20.55378061767838,13,True
5424,Berlin,12.99254526091587,6,False
5427,Berlin,21.458998935037275,34,True
5428,Berlin,17.94462193823216,21,False
5430,Berlin,21.61874334398296,19,True
5431,Berlin,20.02129925452609,19,True
5471,Berlin,44.142705005324814,206,True
5472,Berlin,44.94142705005325,163,True
5473,Berlin,43.76996805111821,163,True
5476,Berlin,39.72310969116081,18,True
55,Berlin,16.773162939297126,7,False
552,Berlin,16.56017039403621,13,False
553,Berlin,17.252396166134183,10,False
554,Berlin,15.175718849840255,14,False
5573,Berlin,42.6517571884984,373,True
558,Berlin,15.867944621938232,15,False
5600,Berlin,42.38551650692226,788,True
561,Berlin,16.080937167199146,12,False
562,Berlin,16.826411075612356,10,False
563,Berlin,15.4419595314164,9,False
564,Berlin,16.240681576144837,13,False
569,Berlin,16.719914802981894,10,False
576,Berlin,12.513312034078808,104,True
577,Berlin,14.909478168264112,6,False
58,Berlin,15.867944621938232,7,False
580,Berlin,19.06283280085197,34,False
581,Berlin,16.826411075612356,14,False
583,Berlin,16.56017039403621,7,False
584,Berlin,13.312034078807242,17,False
585,Berlin,16.02768903088392,17,False
587,Berlin,15.974440894568689,7,False
591,Berlin,17.03940362087327,9,False
594,Berlin,16.40042598509052,8,False
595,Berlin,15.708200212992546,7,False
596,Berlin,15.867944621938232,9,False
597,Berlin,16.61341853035144,7,False
60,Berlin,16.347177848775292,7,False
6004,Berlin,8.732694355697552,11,False
6010,Berlin,1.7571884984025559,13,False
6012,Berlin,3.035143769968051,8,False
6016,Berlin,24.8136315228967,248,True
6020,Berlin,17.252396166134183,16,False
6021,Berlin,17.305644302449412,149,True
6023,Berlin,4.739084132055378,12,False
6025,Berlin,25.559105431309902,243,True
6027,Berlin,2.6091586794462196,8,False
603,Berlin,17.625133120340788,81,True
6034,Berlin,2.2364217252396164,8,False
6038,Berlin,2.4494142705005326,8,False
604,Berlin,16.45367412140575,10,False
6047,Berlin,36.315228966986155,254,True
605,Berlin,19.54206602768903,36,False
6056,Berlin,27.209797657082003,243,True
6057,Berlin,4.952076677316294,12,False
606,Berlin,15.60170394036209,10,False
6060,Berlin,7.7209797657082,15,False
6063,Berlin,9.318423855165069,15,False
6067,Berlin,36.15548455804047,243,True
607,Berlin,15.60170394036209,13,False
608,Berlin,18.10436634717785,25,False
6089,Berlin,24.281150159744406,36,True
609,Berlin,17.305644302449412,9,False
6093,Berlin,35.03727369542066,243,True
6097,Berlin,26.198083067092654,243,True
610,Berlin,16.187433439829608,7,False
6108,Berlin,15.708200212992546,15,False
6112,Berlin,3.993610223642172,15,False
6121,Berlin,36.15548455804047,243,True
62,Berlin,16.347177848775292,6,False
621,Berlin,15.974440894568689,9,False
622,Berlin,15.921192758253461,13,False
628,Berlin,17.678381256656017,9,False
64,Berlin,16.02768903088392,17,False
642,Berlin,4.952076677316294,12,False
644,Berlin,72.15122470713526,664,True
645,Berlin,6.17678381256656,23,False
648,Berlin,6.3897763578274756,12,False
6501,Berlin,6.230031948881789,6,False
6504,Berlin,25.559105431309902,385,True
6510,Berlin,24.70713525026624,385,True
6515,Berlin,25.66560170394036,352,True
6516,Berlin,29.126730564430247,533,True
652,Berlin,13.36528221512247,79,True
6522,Berlin,32.05537806176784,385,True
654,Berlin,15.867944621938232,10,False
6548,Berlin,25.505857294994676,385,True
6560,Berlin,12.619808306709265,54,True
6567,Berlin,14.004259850905218,54,True
6568,Berlin,13.89776357827476,54,True
658,Berlin,16.56017039403621,7,False
66,Berlin,17.252396166134183,9,False
662,Berlin,16.080937167199146,13,False
667,Berlin,15.654952076677317,9,False
669,Berlin,16.347177848775292,6,False
671,Berlin,9.531416400425986,39,False
672,Berlin,16.187433439829608,7,False
674,Berlin,6.496272630457935,19,False
6743,Berlin,20.60702875399361,328,True
676,Berlin,17.252396166134183,7,False
677,Berlin,16.50692225772098,7,False
678,Berlin,16.45367412140575,7,False
68,Berlin,19.275825346112885,9,False
683,Berlin,15.54845580404686,7,False
684,Berlin,15.974440894568689,7,False
685,Berlin,18.10436634717785,55,True
693,Berlin,19.755058572949945,82,True
694,Berlin,16.61341853035144,10,False
6961,Berlin,31.52289669861555,587,True
6962,Berlin,28.38125665601704,529,True
6963,Berlin,33.2800851970181,533,True
6964,Berlin,36.63471778487753,550,True
6965,Berlin,29.659211927582536,534,True
6967,Berlin,28.913738019169326,531,True
6968,Berlin,32.85410010649627,587,True
697,Berlin,16.93290734824281,7,False
698,Berlin,17.199148029818957,8,False
70,Berlin,16.134185303514375,7,False
700,Berlin,16.347177848775292,7,False
7014,Berlin,5.963791267305645,11,False
7018,Berlin,21.03301384451544,124,True
702,Berlin,16.45367412140575,7,False
7027,Berlin,1.650692225772098,9,False
7029,Berlin,2.7156549520766773,11,False
703,Berlin,15.60170394036209,7,False
7039,Berlin,16.666666666666664,79,True
7041,Berlin,11.075612353567625,72,True
7044,Berlin,6.922257720979766,14,False
7048,Berlin,7.507987220447284,29,False
7050,Berlin,23.695420660276888,38,True
7054,Berlin,2.6091586794462196,9,False
7057,Berlin,4.259850905218317,19,False
7066,Berlin,5.697550585729499,6,False
7078,Berlin,7.507987220447284,21,False
7081,Berlin,6.443024494142705,49,False
7083,Berlin,3.887113951011715,9,False
7092,Berlin,14.164004259850904,63,True
7098,Berlin,1.5974440894568689,7,False
71,Berlin,16.134185303514375,7,False
710,Berlin,17.305644302449412,10,False
7104,Berlin,1.7571884984025559,7,False
7107,Berlin,11.448349307774228,10,False
711,Berlin,15.814696485623003,6,False
7111,Berlin,3.567625133120341,7,False
7114,Berlin,2.1299254526091587,7,False
7117,Berlin,3.407880724174654,9,False
712,Berlin,16.56017039403621,14,False
7125,Berlin,4.739084132055378,12,False
7132,Berlin,3.62087326943557,17,False
7136,Berlin,11.128860489882854,18,False
7147,Berlin,14.164004259850904,233,True
7171,Berlin,14.589989350372736,212,True
7192,Berlin,7.561235356762514,58,True
7195,Berlin,11.980830670926517,43,False
720,Berlin,19.009584664536742,10,False
7206,Berlin,7.987220447284344,81,True
721,Berlin,16.240681576144837,6,False
7214,Berlin,11.288604898828542,126,True
7219,Berlin,9.478168264110757,123,True
7228,Berlin,16.50692225772098,123,True
7237,Berlin,10.915867944621937,123,True
7240,Berlin,10.702875399361023,123,True
7248,Berlin,9.211927582534612,123,True
7250,Berlin,12.99254526091587,123,True
7255,Berlin,10.543130990415335,123,True
726,Berlin,17.57188498402556,9,False
7264,Berlin,13.578274760383385,238,True
7269,Berlin,15.015974440894569,238,True
7275,Berlin,15.974440894568689,273,True
728,Berlin,17.94462193823216,9,False
7286,Berlin,14.856230031948881,263,True
729,Berlin,17.252396166134183,13,False
7291,Berlin,17.465388711395104,269,True
7292,Berlin,15.282215122470713,263,True
7299,Berlin,19.06283280085197,268,True
73,Berlin,17.252396166134183,7,False
7301,Berlin,13.791267305644302,244,True
731,Berlin,16.40042598509052,6,False
7324,Berlin,22.630457933972313,398,True
738,Berlin,16.134185303514375,10,False
741,Berlin,16.240681576144837,7,False
742,Berlin,16.134185303514375,8,False
744,Berlin,16.347177848775292,7,False
746,Berlin,15.495207667731629,6,False
747,Berlin,15.708200212992546,7,False
749,Berlin,16.773162939297126,9,False
75,Berlin,15.974440894568689,10,False
750,Berlin,15.921192758253461,8,False
751,Berlin,17.35889243876464,24,False
752,Berlin,15.921192758253461,8,False
753,Berlin,15.228966986155484,6,False
754,Berlin,15.761448349307775,9,False
755,Berlin,10.489882854100106,22,False
756,Berlin,15.974440894568689,8,False
757,Berlin,15.654952076677317,8,False
7578,Berlin,24.920127795527154,269,True
76,Berlin,16.187433439829608,9,False
760,Berlin,6.549520766773163,14,False
762,Berlin,16.187433439829608,6,False
765,Berlin,16.134185303514375,6,False
767,Berlin,15.335463258785943,8,False
768,Berlin,15.4419595314164,10,False
769,Berlin,19.64856230031949,28,False
770,Berlin,16.666666666666664,8,False
7706,Berlin,23.85516506922258,263,True
7713,Berlin,27.582534611288605,436,True
772,Berlin,22.790202342917997,104,True
7722,Berlin,23.003194888178914,64,True
773,Berlin,16.240681576144837,8,False
774,Berlin,15.921192758253461,7,False
7742,Berlin,22.364217252396166,323,True
7745,Berlin,25.612353567625135,264,True
7746,Berlin,29.073482428115017,264,True
775,Berlin,16.293929712460063,8,False
7750,Berlin,23.003194888178914,106,True
7752,Berlin,78.80724174653886,267,True
776,Berlin,16.134185303514375,8,False
777,Berlin,15.867944621938232,14,False
7845,Berlin,31.52289669861555,587,True
785,Berlin,15.867944621938232,26,False
7882,Berlin,44.142705005324814,226,True
7884,Berlin,40.52183173588924,226,True
7885,Berlin,82.32161874334398,226,True
7886,Berlin,44.621938232161874,250,True
7892,Berlin,82.48136315228966,250,True
79,Berlin,16.293929712460063,9,False
791,Berlin,16.40042598509052,12,False
793,Berlin,15.708200212992546,7,False
795,Berlin,18.47710330138445,9,False
796,Berlin,17.0926517571885,12,False
797,Berlin,6.549520766773163,37,False
798,Berlin,13.578274760383385,113,True
80,Berlin,15.974440894568689,9,False
800,Berlin,6.070287539936102,9,False
801,Berlin,6.602768903088392,20,False
8018,Berlin,23.535676251331203,268,True
802,Berlin,16.56017039403621,7,False
803,Berlin,16.134185303514375,7,False
8044,Berlin,21.03301384451544,161,True
8047,Berlin,72.73695420660276,46,True
8053,Berlin,20.18104366347178,163,True
8058,Berlin,31.52289669861555,324,True
806,Berlin,16.293929712460063,27,False
807,Berlin,16.61341853035144,25,False
808,Berlin,16.826411075612356,25,False
809,Berlin,17.838125665601705,25,False
810,Berlin,17.145899893503728,25,False
811,Berlin,16.61341853035144,25,False
8118,Berlin,22.683706070287542,269,True
816,Berlin,15.335463258785943,7,False
817,Berlin,15.282215122470713,8,False
819,Berlin,15.867944621938232,7,False
8199,Berlin,24.8136315228967,143,True
82,Berlin,16.826411075612356,8,False
8213,Berlin,25.026624068157616,30,True
8221,Berlin,23.642172523961662,40,True
8224,Berlin,48.77529286474974,438,True
8225,Berlin,26.57082002129925,99,True
8226,Berlin,25.82534611288605,99,True
830,Berlin,15.495207667731629,11,False
833,Berlin,16.187433439829608,10,False
8349,Berlin,72.52396166134186,87,True
8350,Berlin,72.63045793397231,98,True
8355,Berlin,21.19275825346113,11,True
8367,Berlin,21.299254526091588,11,True
8378,Berlin,21.03301384451544,12,True
8408,Berlin,22.896698615548456,38,True
8412,Berlin,22.310969116080937,58,True
8414,Berlin,22.20447284345048,23,True
8437,Berlin,78.48775292864751,162,True
8440,Berlin,37.22044728434505,161,True
8441,Berlin,79.28647497337593,162,True
8443,Berlin,78.16826411075613,162,True
8445,Berlin,79.55271565495208,162,True
8448,Berlin,77.90202342917998,163,True
8450,Berlin,82.85410010649628,262,True
8458,Berlin,50.95846645367412,955,True
8459,Berlin,73.58892438764644,52,True
8464,Berlin,34.71778487752928,33,True
8468,Berlin,22.843450479233226,117,True
8469,Berlin,25.931842385516507,274,True
8472,Berlin,67.46538871139511,51,True
8473,Berlin,71.24600638977637,51,True
8476,Berlin,25.559105431309902,206,True
8484,Berlin,40.68157614483493,167,True
86,Berlin,18.370607028753994,16,False
8693,Berlin,22.20447284345048,141,True
87,Berlin,17.252396166134183,12,False
88,Berlin,17.35889243876464,7,False
89,Berlin,17.199148029818957,9,False
8947,Berlin,40.52183173588924,81,True
8949,Berlin,17.0926517571885,33,False
8950,Berlin,17.412140575079874,98,True
8964,Berlin,42.2790202342918,774,True
8974,Berlin,21.352502662406817,104,True
8979,Berlin,20.820021299254527,104,True
8997,Berlin,22.097976570820023,164,True
90,Berlin,16.293929712460063,9,False
90203,Berlin,67.73162939297124,1146,True
90267,Berlin,39.61661341853035,554,True
9058,Berlin,22.736954206602768,124,True
9083,Berlin,21.19275825346113,163,True
9092,Berlin,48.615548455804046,271,True
91,Berlin,17.465388711395104,14,False
92,Berlin,18.636847710330137,9,False
93,Berlin,18.47710330138445,10,False
93143,Berlin,71.77848775292864,1337,True
94,Berlin,17.784877529286476,9,False
9401,Berlin,41.69329073482428,774,True
9408,Berlin,27.529286474973375,30,True
9416,Berlin,30.138445154419596,29,True
9424,Berlin,11.608093716719916,4,False
9445,Berlin,27.582534611288605,106,True
9451,Berlin,25.77209797657082,5,True
9458,Berlin,26.89030883919063,5,True
9485,Berlin,12.300319488817891,5,False
9491,Berlin,18.53035143769968,258,True
9492,Berlin,20.71352502662407,27,True
95,Berlin,20.18104366347178,13,True
95242,Berlin,73.48242811501598,1299,True
95391,Berlin,65.01597444089457,1205,True
95580,Berlin,29.818956336528224,540,True
96,Berlin,12.779552715654951,104,True
9612,Berlin,30.990415335463258,507,True
9614,Berlin,29.073482428115017,533,True
97,Berlin,6.496272630457935,16,False
97175,Berlin,4.845580404685836,12,False
97766,Berlin,46.325878594249204,770,True
97894,Berlin,54.57933972310969,1020,True
98345,Berlin,62.03407880724174,1159,True
9859,Berlin,39.03088391906283,305,True
9874,Berlin,24.866879659211925,5,True
98954,Berlin,21.08626198083067,177,True
99003,Berlin,69.16932907348243,1299,True
99085,Berlin,41.267305644302446,86,True
9931,Berlin,51.2779552715655,954,True
9932,Berlin,51.2779552715655,954,True
99619,Berlin,69.16932907348243,1299,True
99620,Berlin,61.66134185303515,1158,True
99721,Berlin,69.16932907348243,1299,True
99729,Berlin,69.22257720979765,1299,True
99868,Berlin,52.50266240681576,956,True
9987,Berlin,47.390841320553776,884,True
